11067,ÁLVARO OBREGÓN,GUADALUPE INN,1
11069,ÁLVARO OBREGÓN,FLORIDA,1
11078,ÁLVARO OBREGÓN,PROGRESO TIZAPAN,1
11080,ÁLVARO OBREGÓN,PROGRESO,1
11082,ÁLVARO OBREGÓN,LORETO Y CAMPAMENTO,2
11085,ÁLVARO OBREGÓN,LA OTRA BANDA,2
11089,ÁLVARO OBREGÓN,LOMAS DE SANTO DOMINGO,1
11091,ÁLVARO OBREGÓN,LA CONCHITA,1
11100,ÁLVARO OBREGÓN,LAS PALMAS,1
11101,ÁLVARO OBREGÓN,LIBERALES DE 1857,1
11104,ÁLVARO OBREGÓN,COVE,2
11109,ÁLVARO OBREGÓN,ACUEDUCTO,2
11118,ÁLVARO OBREGÓN,BELLAVISTA,2
11119,ÁLVARO OBREGÓN,CENTRAL CAMIONERA PONIENTE,2
11122,ÁLVARO OBREGÓN,AMPL BOSQUES 2DA SECC,1
11131,ÁLVARO OBREGÓN,SAN PEDRO DE LOS PINOS,1
11132,ÁLVARO OBREGÓN,8 DE AGOSTO,3
11137,ÁLVARO OBREGÓN,UNIDAD HAB BELEN,1
11150,ÁLVARO OBREGÓN,ZENON DELGADO,1
11157,ÁLVARO OBREGÓN,TLAPECHICO,2
11170,ÁLVARO OBREGÓN,LA MEXICANA,1
11175,ÁLVARO OBREGÓN,AMPL LA MEXICANA,3
11176,ÁLVARO OBREGÓN,CALZADA DE JALALPA,1
11179,ÁLVARO OBREGÓN,LA CAÑADA 1RA SECC,1
11185,ÁLVARO OBREGÓN,LOMAS DE CAPULA,2
11186,ÁLVARO OBREGÓN,AMPL LAS GOLONDRINAS,1
11188,ÁLVARO OBREGÓN,ALVARO OBREGON DESARROLLO URBANO,2
11190,ÁLVARO OBREGÓN,LOMAS DE BECERRA GRANADA,1
11194,ÁLVARO OBREGÓN,LA JOYA,1
11202,ÁLVARO OBREGÓN,JALAPA TEPITO 2A AMPLIACION,1
11209,ÁLVARO OBREGÓN,AMPL PRESIDENTES,1
11220,ÁLVARO OBREGÓN,OLIVAR DEL CONDE 1RA SECC,3
11223,ÁLVARO OBREGÓN,OLIVAR DEL CONDE 2DA SECC,1
11224,ÁLVARO OBREGÓN,OLIVAR DEL CONDE 3RA SECC,1
11225,ÁLVARO OBREGÓN,BARRIO NORTE,2
11227,ÁLVARO OBREGÓN,MINAS DE CRISTO,1
11230,ÁLVARO OBREGÓN,COLINAS DEL SUR,1
11235,ÁLVARO OBREGÓN,BATALLON DE SAN PATRICIO,1
11236,ÁLVARO OBREGÓN,ALFONSO XIII,2
11238,ÁLVARO OBREGÓN,MOLINO DE ROSAS,2
11239,ÁLVARO OBREGÓN,LOMAS DE PLATEROS,1
11242,ÁLVARO OBREGÓN,SANTA LUCIA,1
11245,ÁLVARO OBREGÓN,ARTURO GAMIZ,1
11259,ÁLVARO OBREGÓN,CORPUS CHRISTI,2
11262,ÁLVARO OBREGÓN,CORPUS CHRISTI 2DO REACOMODO,1
11263,ÁLVARO OBREGÓN,ACUILOTLA,1
11292,ÁLVARO OBREGÓN,SOCIEDAD COOPERATIVA PODER POPULAR,1
11295,ÁLVARO OBREGÓN,FRACCIONAMIENTO EX HDA TARANGO,1
11298,ÁLVARO OBREGÓN,MINA LOS COYOTES,6
11312,ÁLVARO OBREGÓN,TLACUITLAPA AMPLIACION 2DO REACOMODO,1
11324,ÁLVARO OBREGÓN,PILARES AGUILAS,1
11332,ÁLVARO OBREGÓN,SAN CLEMENTE SUR,1
11334,ÁLVARO OBREGÓN,SAN CLEMENTE NORTE,2
11336,ÁLVARO OBREGÓN,LAS AGUILAS AMPLIACION 2O. PARQUE,2
11351,ÁLVARO OBREGÓN,MIGUEL HIDALGO,1
11353,ÁLVARO OBREGÓN,SAN MATEO TLALTENANGO,1
11356,ÁLVARO OBREGÓN,RANCHO SAN FRANCISCO,1
11361,ÁLVARO OBREGÓN,TORRES DE POTRERO,1
11364,ÁLVARO OBREGÓN,PARAJE DEL CABALLITO,1
11368,ÁLVARO OBREGÓN,LOMAS DE LA HERA,2
11371,ÁLVARO OBREGÓN,JARDINES DEL PEDREGAL,1
11381,AZCAPOTZALCO,SANTA MARIA MANINALCO,1
11384,AZCAPOTZALCO,SINDICATO MEXICANO DE ELECTRICISTAS,1
11386,AZCAPOTZALCO,EL RECREO,1
11388,AZCAPOTZALCO,CLAVERIA,1
11394,AZCAPOTZALCO,INFONAVIT EL ROSARIO,5
11398,AZCAPOTZALCO,UNIDAD HAB MANUEL RIVERA ANAYA,1
11410,AZCAPOTZALCO,SANTA INES,1
11412,AZCAPOTZALCO,SANTO DOMINGO,1
11414,AZCAPOTZALCO,VILLA AZCAPOTZALCO,3
11415,AZCAPOTZALCO,REYNOSA TAMAULIPAS,2
11416,AZCAPOTZALCO,SANTA BARBARA,1
11418,AZCAPOTZALCO,SAN ANDRES,3
11420,AZCAPOTZALCO,INDUSTRIAL VALLEJO,2
11421,AZCAPOTZALCO,FERRERIA,1
11424,AZCAPOTZALCO,SANTA CRUZ DE LAS SALINAS,1
11427,AZCAPOTZALCO,SAN JUAN TLIHUACA,2
11435,AZCAPOTZALCO,LA PROVIDENCIA,1
11437,AZCAPOTZALCO,UNIDAD HAB MIGUEL HIDALGO,1
11438,AZCAPOTZALCO,TEZOZOMOC,1
11441,AZCAPOTZALCO,PETROLERA,2
11449,AZCAPOTZALCO,AMPL PRO HOGAR,3
11450,AZCAPOTZALCO,PRO HOGAR,1
11451,AZCAPOTZALCO,COLTONGO,1
11453,AZCAPOTZALCO,TRABAJADORES DEL HIERRO,2
11454,AZCAPOTZALCO,EUZKADI,1
11455,AZCAPOTZALCO,COSMOPOLITA,1
11457,AZCAPOTZALCO,SAN MIGUEL AMANTLA,3
11461,AZCAPOTZALCO,AMPL SAN PEDRO XALPA,1
11463,AZCAPOTZALCO,NUEVA AMPL PETROLERA SECC 35,2
11467,AZCAPOTZALCO,SANTIAGO AHUIZOTLA,1
11474,AZCAPOTZALCO,VICTORIA DE LAS DEMOCRACIAS,1
11476,AZCAPOTZALCO,IGNACIO ALLENDE,1
11477,AZCAPOTZALCO,SAN BERNABE,1
11478,AZCAPOTZALCO,OBRERO POPULAR,2
11482,AZCAPOTZALCO,AGUILERA,2
11490,AZCAPOTZALCO,EL ARENAL,2
11492,AZCAPOTZALCO,LA RAZA,2
11495,BENITO JUÁREZ,NARVARTE PONIENTE,3
11496,BENITO JUÁREZ,NARVARTE ORIENTE,3
11498,BENITO JUÁREZ,DEL VALLE CENTRO,2
11500,BENITO JUÁREZ,DEL VALLE,5
11501,BENITO JUÁREZ,DEL VALLE SUR,1
11506,BENITO JUÁREZ,PORTALES SUR,2
11507,BENITO JUÁREZ,PORTALES NORTE,4
11511,BENITO JUÁREZ,XOCO,1
11512,BENITO JUÁREZ,GRAL PEDRO MARIA ANAYA,4
11513,BENITO JUÁREZ,ALAMOS,1
11516,BENITO JUÁREZ,JOSEFA ORTIZ DE DOMINGUEZ,1
11517,BENITO JUÁREZ,NIÑOS HEROES DE CHAPULTEPEC,2
11518,BENITO JUÁREZ,NATIVITAS,1
11519,BENITO JUÁREZ,MODERNA,1
11523,BENITO JUÁREZ,ZACAHUITZCO,1
11524,BENITO JUÁREZ,ALBERT,1
11525,BENITO JUÁREZ,PORTALES ORIENTE,1
11526,BENITO JUÁREZ,MIRAVALLE,1
11529,BENITO JUÁREZ,AMERICAS UNIDAS,1
11534,BENITO JUÁREZ,SAN SIMON TICUMAC,1
11535,BENITO JUÁREZ,NONOALCO,2
11538,BENITO JUÁREZ,SAN JUAN,1
11539,BENITO JUÁREZ,EXTREMADURA INSURGENTES,2
11540,BENITO JUÁREZ,SAN PEDRO DE LOS PINOS,1
11545,BENITO JUÁREZ,SAN JOSE INSURGENTES,4
11546,BENITO JUÁREZ,MIXCOAC,3
11559,COYOACÁN,DEL CARMEN,6
11567,COYOACÁN,CAMPESTRE CHURUBUSCO,2
11574,COYOACÁN,MAGDALENA CULHUACAN,1
11575,COYOACÁN,SAN FRANCISCO CULHUACAN,5
11579,COYOACÁN,AJUSCO,1
11586,COYOACÁN,OXTOPULCO UNIVERSIDAD,1
11603,COYOACÁN,PACIFICO 350,1
11605,COYOACÁN,PUEBLO DE LOS REYES,1
11626,COYOACÁN,CIUDAD UNIVERSITARIA,1
11629,COYOACÁN,PEDREGAL DE SANTO DOMINGO,1
11630,COYOACÁN,SANTO DOMINGO,1
11639,COYOACÁN,NUEVA DIAZ ORDAZ,1
11641,COYOACÁN,DIAZ ORDAZ,1
11647,COYOACÁN,EL CENTINELA,1
11648,COYOACÁN,AVANTE,2
11649,COYOACÁN,AMPL SAN FRANCISCO CULHUACAN,1
11657,COYOACÁN,UNIDAD HAB SAN FRANCISCO CULHUACAN,1
11668,COYOACÁN,PEDREGAL SANTA URSULA,3
11670,COYOACÁN,SAN PABLO TEPETLAPA,1
11680,COYOACÁN,EJIDO SANTA URSULA COAPA,1
11690,COYOACÁN,CONJUNTO HAB PEDREGAL DE CARRASCO,1
11691,COYOACÁN,OLIMPICA,1
11701,COYOACÁN,CONJ HAB ALIANZA POP REVOLUCIONARIA04800,1
11709,COYOACÁN,ESPARTACO,1
11722,COYOACÁN,LOS GIRASOLES III,1
11728,COYOACÁN,SANTA CECILIA,1
11736,CUAJIMALPA DE MORELOS,LA MANZANITA,1
11737,CUAJIMALPA DE MORELOS,CUAJIMALPA,2
11740,CUAJIMALPA DE MORELOS,LOMAS DEL PADRE,1
11742,CUAJIMALPA DE MORELOS,AHUATENCO,1
11751,CUAJIMALPA DE MORELOS,LA NAVIDAD,1
11753,CUAJIMALPA DE MORELOS,BOSQUES DE LAS LOMAS,1
11783,CUAJIMALPA DE MORELOS,LOMAS EL OCOTE,1
11787,CUAJIMALPA DE MORELOS,EL CONTADERO,1
11790,CUAJIMALPA DE MORELOS,SAN MATEO TLALTENANGO,1
11794,CUAJIMALPA DE MORELOS,DESIERTO DE LOS LEONES,2
11800,CUAUHTÉMOC,CENTRO,30
11801,CUAUHTÉMOC,TABACALERA,6
11802,CUAUHTÉMOC,HIPODROMO,3
11803,CUAUHTÉMOC,CONDESA,1
11804,CUAUHTÉMOC,HIPODROMO DE LA CONDESA,3
11805,CUAUHTÉMOC,MORELOS,25
11806,CUAUHTÉMOC,PERALVILLO,7
11807,CUAUHTÉMOC,VALLE GOMEZ,3
11808,CUAUHTÉMOC,EX HIPODROMO DE PERALVILLO,3
11809,CUAUHTÉMOC,MAZA,1
11811,CUAUHTÉMOC,GUERRERO,17
11812,CUAUHTÉMOC,BUENAVISTA,7
11813,CUAUHTÉMOC,SANTA MARIA LA RIBERA,5
11814,CUAUHTÉMOC,SANTA MARIA INSURGENTES,6
11815,CUAUHTÉMOC,ATLAMPA,4
11816,CUAUHTÉMOC,SAN RAFAEL,1
11817,CUAUHTÉMOC,CUAUHTEMOC,5
11818,CUAUHTÉMOC,JUAREZ,2
11819,CUAUHTÉMOC,ROMA NORTE,16
11820,CUAUHTÉMOC,DOCTORES,38
11821,CUAUHTÉMOC,CENTRO URBANO BENITO JUAREZ,1
11822,CUAUHTÉMOC,ROMA SUR,8
11823,CUAUHTÉMOC,BUENOS AIRES,1
11824,CUAUHTÉMOC,OBRERA,10
11826,CUAUHTÉMOC,ESPERANZA,3
11830,CUAUHTÉMOC,ALGARIN,3
11831,CUAUHTÉMOC,AMPL ASTURIAS,5
11832,CUAUHTÉMOC,UNIDAD HAB NONOALCO TLATELOLCO,5
11833,CUAUHTÉMOC,SAN SIMON TOLNAHUAC,2
11834,GUSTAVO A MADERO,ARAGON,1
11835,GUSTAVO A MADERO,SANTA ISABEL TOLA,2
11839,GUSTAVO A MADERO,TEPEYAC INSURGENTES,4
11840,GUSTAVO A MADERO,ATZACOALCO,2
11841,GUSTAVO A MADERO,GUSTAVO A MADERO,1
11842,GUSTAVO A MADERO,15 DE AGOSTO,1
11843,GUSTAVO A MADERO,ESTANZUELA,1
11844,GUSTAVO A MADERO,TRIUNFO DE LA REPUBLICA,1
11845,GUSTAVO A MADERO,MARTIN CARRERA,1
11848,GUSTAVO A MADERO,LA DINAMITA,1
11849,GUSTAVO A MADERO,GABRIEL HERNANDEZ,2
11850,GUSTAVO A MADERO,AMPL GABRIEL HERNANDEZ,5
11853,GUSTAVO A MADERO,EL RISCO CTM,1
11854,GUSTAVO A MADERO,SAN MIGUEL CUAUTEPEC EL ALTO,2
11855,GUSTAVO A MADERO,BO CUAUTEPEC EL ALTO,2
11856,GUSTAVO A MADERO,CUATEPEC EL BAJO,2
11859,GUSTAVO A MADERO,AMPL MALACATES,1
11868,GUSTAVO A MADERO,AMPL ARBOLEDAS DE CUAUTEPEC EL ALTO,1
11872,GUSTAVO A MADERO,LA CASILDA,2
11879,GUSTAVO A MADERO,PALMATITLA,1
11880,GUSTAVO A MADERO,COCOYOTES,1
11881,GUSTAVO A MADERO,GRAL FELIPE BERRIOZABAL,3
11884,GUSTAVO A MADERO,TLALPEXCO,3
11894,GUSTAVO A MADERO,GUADALUPE VICTORIA CUAUTEPEC,1
11895,GUSTAVO A MADERO,CHALMA DE GUADALUPE,10
11897,GUSTAVO A MADERO,CASTILLO GRANDE,1
11899,GUSTAVO A MADERO,ZONA ESCOLAR,7
11904,GUSTAVO A MADERO,EL ARBOLILLO 2,1
11909,GUSTAVO A MADERO,SOLIDARIDAD NACIONAL,1
11915,GUSTAVO A MADERO,EL ARBOLILLO CTM,1
11918,GUSTAVO A MADERO,ZONA RES ACUEDUCTO DE GUADALUPE,1
11922,GUSTAVO A MADERO,JORGE NEGRETE,2
11923,GUSTAVO A MADERO,LA PASTORA,4
11924,GUSTAVO A MADERO,LINDAVISTA,3
11926,GUSTAVO A MADERO,LA CANDELARIA TICOMAN,8
11927,GUSTAVO A MADERO,INFONAVIT,1
11929,GUSTAVO A MADERO,LA ESCALERA,11
11939,GUSTAVO A MADERO,SANTA MARIA TICOMAN,2
11947,GUSTAVO A MADERO,GUADALUPE TICOMAN,1
11948,GUSTAVO A MADERO,SAN JUAN TICOMAN,3
11950,GUSTAVO A MADERO,SAN PEDRO ZACATENCO,1
11956,GUSTAVO A MADERO,MAXIMINO AVILA CAMACHO,1
11958,GUSTAVO A MADERO,SALVADOR DIAZ MIRON,1
11959,GUSTAVO A MADERO,JUAN GONZALEZ ROMERO,2
11962,GUSTAVO A MADERO,NUEVA ATZACOALCO,5
11964,GUSTAVO A MADERO,DEL OBRERO,2
11974,GUSTAVO A MADERO,GRANJAS MODERNAS,19
11981,GUSTAVO A MADERO,LA PRADERA 1RA SECC,1
11983,GUSTAVO A MADERO,SAN FELIPE DE JESUS,8
11984,GUSTAVO A MADERO,25 DE JULIO,1
11985,GUSTAVO A MADERO,CAMPESTRE ARAGON,1
11994,GUSTAVO A MADERO,PROVIDENCIA,2
11995,GUSTAVO A MADERO,AMPL PROVIDENCIA,2
11996,GUSTAVO A MADERO,VILLA DE ARAGON,1
11997,GUSTAVO A MADERO,CASAS ALEMAN,1
11998,GUSTAVO A MADERO,PROGRESO NACIONAL,1
12000,GUSTAVO A MADERO,SAN JOSE DE LA ESCALERA,1
12001,GUSTAVO A MADERO,SANTIAGO ATEPETLAC,1
12003,GUSTAVO A MADERO,GUADALUPE PROLETARIA,1
12004,GUSTAVO A MADERO,LOS REMEDIOS,1
12006,GUSTAVO A MADERO,SECRETARIA DE COMUNICACIONES Y TRANSPORTES,1
12007,GUSTAVO A MADERO,NUEVA INDUSTRIAL VALLEJO NORTE,3
12019,GUSTAVO A MADERO,UNIDAD LINDAVISTA VALLEJO,1
12020,GUSTAVO A MADERO,CHURUBUSCO TEPEYAC,4
12026,GUSTAVO A MADERO,AMPL MAGDALENA DE LAS SALINAS,3
12027,GUSTAVO A MADERO,MAGDALENA DE LAS SALINAS,1
12028,GUSTAVO A MADERO,AMPL PANAMERICANA,1
12030,GUSTAVO A MADERO,HEROE DE NACOZARI,1
12031,GUSTAVO A MADERO,DEFENSORES DE LA REPUBLICA,1
12035,GUSTAVO A MADERO,ESTRELLA,4
12054,GUSTAVO A MADERO,GUADALUPE INSURGENTES,1
12055,GUSTAVO A MADERO,VALLEJO,8
12057,GUSTAVO A MADERO,EMILIANO ZAPATA,1
12058,GUSTAVO A MADERO,NUEVA TENOCHTITLAN,1
12063,GUSTAVO A MADERO,BOSQUE DE SAN JUAN DE ARAGON,1
12064,GUSTAVO A MADERO,SAN JUAN DE ARAGON 7MA SECC,6
12065,GUSTAVO A MADERO,SAN JUAN DE ARAGON 6TA SECC,1
12078,GUSTAVO A MADERO,SAN JUAN DE ARAGON,2
12084,GUSTAVO A MADERO,ARAGON FOVISSSTE,1
12085,GUSTAVO A MADERO,FERNANDO CASAS ALEMAN,1
12088,GUSTAVO A MADERO,SAN JUAN DE ARAGON 1RA SECC,2
12089,GUSTAVO A MADERO,SAN JUAN DE ARAGON 2DA SECC,1
12090,GUSTAVO A MADERO,SAN JUAN DE ARAGON 3RA SECC,4
12091,GUSTAVO A MADERO,SAN JUAN DE ARAGON 4TA Y 5TA SECC,2
12095,IZTACALCO,GABRIEL RAMOS MILLAN SECC BRAMADERO,1
12097,IZTACALCO,AMPL GABRIEL RAMOS MILLAN,1
12098,IZTACALCO,CUCHILLA GABRIEL RAMOS MILLAN,2
12100,IZTACALCO,LIC CARLOS ZAPATA 1RA Y 2DA SECC,1
12101,IZTACALCO,PANTITLAN,5
12102,IZTACALCO,AGUA CALIENTE,1
12112,IZTACALCO,GRANJAS MEXICO,1
12114,IZTACALCO,CUCHILLA AGRICOLA ORIENTAL,1
12116,IZTACALCO,AGRICOLA ORIENTAL,3
12120,IZTACALCO,LA ASUNCION,1
12121,IZTACALCO,ZAPOTLA,1
12135,IZTACALCO,EL MOSCO,1
12137,IZTACALCO,LOS PICOS DE IZTACALCO 1RA SECC,2
12138,IZTACALCO,LOS PICOS DE IZTACALCO 2DA SECC,1
12141,IZTACALCO,SANTIAGO SUR,1
12142,IZTACALCO,MAESTROS DE IZTACALCO,2
12148,IZTACALCO,JARDINES DE TECMA,1
12150,IZTACALCO,BENITO JUAREZ,3
12153,IZTAPALAPA,BARRIO SAN LUCAS,2
12157,IZTAPALAPA,BARRIO LA ASUNCION,3
12158,IZTAPALAPA,BARRIO SAN IGNACIO,2
12161,IZTAPALAPA,CENTRAL DE ABASTOS,7
12162,IZTAPALAPA,LOS PASEOS DE CHURUBUSCO,1
12164,IZTAPALAPA,SECTOR POPULAR,1
12165,IZTAPALAPA,GRANJAS SAN ANTONIO,1
12171,IZTAPALAPA,JUAN ESCUTIA,6
12176,IZTAPALAPA,FUENTES DE ZARAGOZA,1
12177,IZTAPALAPA,SOLIDARIDAD,1
12179,IZTAPALAPA,CONJ URBANO POP ERMITA ZARAGOZA,3
12180,IZTAPALAPA,UNIDAD HAB VICENTE GUERRERO,2
12182,IZTAPALAPA,RENOVACION,2
12185,IZTAPALAPA,UNID HAB EJERC CONSTITUCIONALISTA,2
12186,IZTAPALAPA,CABEZA DE JUAREZ VI,1
12187,IZTAPALAPA,UNIDAD HAB CABEZA DE JUAREZ,2
12188,IZTAPALAPA,UNIDAD HAB IGNACIO ZARAGOZA,1
12190,IZTAPALAPA,JOSE MARIA MORELOS Y PAVON,1
12191,IZTAPALAPA,UNIDAD HAB EJERCITO DE ORIENTE,2
12192,IZTAPALAPA,EL PARAISO,4
12194,IZTAPALAPA,UNID HAB EJERC DE OTE ZONA PEÑON,3
12198,IZTAPALAPA,LA REGADERA,1
12200,IZTAPALAPA,CONSTITUCION DE 1917,2
12202,IZTAPALAPA,JACARANDAS,1
12203,IZTAPALAPA,UNIDAD HAB SANTA CRUZ MEYEHUALCO,4
12205,IZTAPALAPA,LEYES DE REFORMA 1RA SECCION,2
12206,IZTAPALAPA,LEYES DE REFORMA 2DA SECCION,1
12207,IZTAPALAPA,LEYES DE REFORMA 3RA SECCION,2
12210,IZTAPALAPA,LEYES DE REFORMA,1
12217,IZTAPALAPA,BARRIO SAN MIGUEL,2
12219,IZTAPALAPA,AMPL SAN MIGUEL,1
12223,IZTAPALAPA,UNIDAD HAB GAMMA GAVILAN,2
12230,IZTAPALAPA,SAN JOSE ACULCO,1
12234,IZTAPALAPA,NUEVA ROSITA,1
12237,IZTAPALAPA,APATLACO,2
12241,IZTAPALAPA,SAN ANDRES TETEPILCO,3
12248,IZTAPALAPA,AMPL SINATEL,1
12250,IZTAPALAPA,SANTA MARIA AZTAHUACAN,2
12251,IZTAPALAPA,Z URB EJ STA MARIA AZTAHUACAN,1
12252,IZTAPALAPA,AMPL Z URB EJ STA MARIA AZTAHUACAN,1
12254,IZTAPALAPA,PUEBLO SANTA MARTHA ACATITLA,3
12255,IZTAPALAPA,PUEBLO SAN SEBASTIAN TECOLOXTITLAN,2
12257,IZTAPALAPA,PARAJE ZACATEPEC,2
12260,IZTAPALAPA,COOPERATIVA BIATLON,1
12261,IZTAPALAPA,EJÉRCITO DE AGUA PRIETA,4
12262,IZTAPALAPA,SANTIAGO ACAHUALTEPEC,1
12264,IZTAPALAPA,2DA AMPL SANTIAGO ACAHUALTEPEC,2
12265,IZTAPALAPA,LOMAS DE ZARAGOZA,1
12270,IZTAPALAPA,SAN MIGUEL TEOTONGO(SECC GUADALUPE),1
12271,IZTAPALAPA,SAN MIGUEL TEOTONGO(SECC LA CRUZ),1
12272,IZTAPALAPA,SAN MIGUEL TEOTONGO(SECC PALMAS),1
12277,IZTAPALAPA,MIGUEL DE LA MADRID,1
12278,IZTAPALAPA,SAN FRANCISCO APOLOCALCO,1
12279,IZTAPALAPA,AMPL EMILIANO ZAPATA,2
12280,IZTAPALAPA,HUITZICO,1
12281,IZTAPALAPA,LOMAS DE LA ESTANCIA,3
12282,IZTAPALAPA,XALPA,2
12285,IZTAPALAPA,SAN PABLO I,2
12286,IZTAPALAPA,CITLALLI,3
12287,IZTAPALAPA,PALMITAS,1
12290,IZTAPALAPA,MIRAVALLE,1
12291,IZTAPALAPA,MIGUEL DE LA MADRID HURTADO,1
12292,IZTAPALAPA,DESARROLLO URBANO QUETZALCOATL,5
12293,IZTAPALAPA,PUEBLO SANTA CRUZ MEYEHUALCO,1
12294,IZTAPALAPA,BUENAVISTA,6
12295,IZTAPALAPA,CARLOS HANK GONZALEZ,1
12296,IZTAPALAPA,ZONA RUSTICA,1
12299,IZTAPALAPA,VALLE DE SAN LORENZO,2
12301,IZTAPALAPA,LOMAS DE SANTA CRUZ,1
12304,IZTAPALAPA,LA HERA,1
12305,IZTAPALAPA,REFORMA POLITICA,3
12307,IZTAPALAPA,PRESIDENTES DE MEXICO,2
12309,IZTAPALAPA,LAS PEÑAS,1
12312,IZTAPALAPA,CONGRESO AGRARISTA MEXICANO,1
12316,IZTAPALAPA,LOMAS DE SAN LORENZO,12
12317,IZTAPALAPA,PUEBLO SAN LORENZO TEZONCO,1
12320,IZTAPALAPA,FUEGO NUEVO,1
12322,IZTAPALAPA,PUEBLO CULHUACAN,1
12326,IZTAPALAPA,VALLE DE LUCES 1RA SECCION,1
12330,IZTAPALAPA,BARRIO TULA CULHUACAN,1
12331,IZTAPALAPA,VALLE DE LUCES,1
12334,IZTAPALAPA,GRANJAS ESMERALDA,1
12336,IZTAPALAPA,VALLE DEL SUR,1
12338,IZTAPALAPA,SANTA ISABEL INDUSTRIAL,1
12339,IZTAPALAPA,EL SANTUARIO,1
12345,IZTAPALAPA,LOS ANGELES,3
12346,IZTAPALAPA,PARAJE SAN JUAN,3
12351,IZTAPALAPA,PLAN DE IGUALA,1
12357,IZTAPALAPA,Z URB EJ LOS REYES CULHUACAN,1
12358,IZTAPALAPA,SAN NICOLAS TOLENTINO,1
12365,IZTAPALAPA,PARAJE SAN JUAN CERRO,1
12369,IZTAPALAPA,EL RODEO,1
12370,IZTAPALAPA,MARIA ESTHER ZUNO DE ECHEVERRIA,1
12375,IZTAPALAPA,CASA BLANCA,1
12377,IZTAPALAPA,ZONA URBANA EJIDAL SAN ANDRÉS TOMATLAN,2
12379,IZTAPALAPA,SAN ANDRES TOMATLAN,1
12380,IZTAPALAPA,SANTA MARIA TOMATLAN,2
12385,IZTAPALAPA,TRIANGULO DE LAS AGUJAS,1
12392,IZTAPALAPA,BARRIO SAN LORENZO TEZONCO,1
12394,IZTAPALAPA,BARRIO SAN ANTONIO,1
12395,IZTAPALAPA,LA ESPERANZA,3
12396,IZTAPALAPA,JOSE LOPEZ PORTILLO,3
12397,IZTAPALAPA,EL ROSARIO,7
12399,IZTAPALAPA,EL MOLINO TEZONCO,2
12405,LA MAGDALENA CONTRERAS,LOMAS QUEBRADAS,2
12411,LA MAGDALENA CONTRERAS,INDEPENDENCIA BATAN NORTE,1
12416,LA MAGDALENA CONTRERAS,PUEBLO SAN BERNABE OCOTEPEC,1
12418,LA MAGDALENA CONTRERAS,EL TANQUE,1
12421,LA MAGDALENA CONTRERAS,LOMAS DE SAN BERNABE,2
12422,LA MAGDALENA CONTRERAS,OCOTAL,1
12426,LA MAGDALENA CONTRERAS,LAS PALMAS,2
12428,LA MAGDALENA CONTRERAS,VISTA HERMOSA,1
12433,LA MAGDALENA CONTRERAS,EL ROSAL,2
12438,LA MAGDALENA CONTRERAS,PUEBLO NUEVO ALTO,1
12449,LA MAGDALENA CONTRERAS,PUEBLO SAN NICOLAS TOTOLAPAN,1
12450,LA MAGDALENA CONTRERAS,PUEBLO LA MAGDALENA CONTRERAS,1
12453,MIGUEL HIDALGO,REAL DE LOMAS,1
12457,MIGUEL HIDALGO,3RA SECC DEL BOSQUE DE CHAPULTEPEC,1
12458,MIGUEL HIDALGO,1RA SECC DEL BOSQUE DE CHAPULTEPEC,2
12468,MIGUEL HIDALGO,NUEVA ARGENTINA,1
12472,MIGUEL HIDALGO,MEXICO NUEVO,2
12475,MIGUEL HIDALGO,TORREBLANCA,1
12478,MIGUEL HIDALGO,SAN DIEGO OCOYOACAC,1
12481,MIGUEL HIDALGO,ANAHUAC,3
12484,MIGUEL HIDALGO,UN HOGAR PARA NOSOTROS,10
12485,MIGUEL HIDALGO,SANTO TOMAS,2
12488,MIGUEL HIDALGO,TLAXPANA,1
12489,MIGUEL HIDALGO,POPOTLA,3
12490,MIGUEL HIDALGO,TACUBA,5
12495,MIGUEL HIDALGO,VENTURA PEREZ DE ALBA,1
12496,MIGUEL HIDALGO,REFORMA PENSIL,2
12508,MIGUEL HIDALGO,FRANCISCO I MADERO,2
12511,MIGUEL HIDALGO,CUAUHTEMOC PENSIL,1
12515,MIGUEL HIDALGO,LOS MORALES,2
12522,MIGUEL HIDALGO,POLANCO CHAPULTEPEC,1
12525,MIGUEL HIDALGO,CHAPULTEPEC MORALES,1
12531,MIGUEL HIDALGO,ESCANDON,1
12534,MIGUEL HIDALGO,DANIEL GARZA,1
12536,MIGUEL HIDALGO,SAN MIGUEL CHAPULTEPEC,1
12537,MIGUEL HIDALGO,OBSERVATORIO,1
12538,MIGUEL HIDALGO,TACUBAYA,6
12540,MIGUEL HIDALGO,LOMAS DE REFORMA,1
12549,MILPA ALTA,BARRIO SAN AGUSTIN,2
12550,MILPA ALTA,PUEBLO SAN AGUSTIN OHTENCO,1
12553,MILPA ALTA,BARRIO XOCHITEPEC,2
12560,MILPA ALTA,BARRIO TULA,1
12565,MILPA ALTA,SAN BARTOLOME XICOMULCO,2
12566,MILPA ALTA,SAN SALVADOR CUAUHTENCO,1
12571,MILPA ALTA,BARRIO SAN JUAN,3
12572,MILPA ALTA,SAN LORENZO TLACOYUCAN,2
12577,MILPA ALTA,SANTA ANA TLACOTENCO,1
12578,MILPA ALTA,BARRIO GUADALUPITA,1
12582,TLÁHUAC,SAN JOSE,1
12585,TLÁHUAC,LA HABANA,1
12592,TLÁHUAC,PUEBLO TULYEHUALCO,1
12593,TLÁHUAC,QUIAHUATLA,1
12596,TLÁHUAC,GUADALUPE YECAHUIZOTL,1
12604,TLÁHUAC,MIGUEL HIDALGO,3
12606,TLÁHUAC,ZAPOTITLAN,1
12608,TLÁHUAC,DR FRANCISCO CABRERA,1
12616,TLÁHUAC,AMPL MIGUEL HIDALGO,2
12617,TLÁHUAC,DEL MAR,2
12620,TLÁHUAC,VILLA CENTROAMERICANA Y DEL CARIBE,5
12630,TLÁHUAC,SANTIAGO NORTE,1
12635,TLÁHUAC,LA ESTACION,3
12637,TLÁHUAC,LA CONCHITA ZAPOTITLAN,1
12639,TLÁHUAC,COCHINITA A,1
12640,TLÁHUAC,PUEBLO SAN FRANCISCO TLALTENCO,1
12642,TLÁHUAC,AMPL JOSE LOPEZ PORTILLO,1
12651,TLÁHUAC,LAS PUERTAS,1
12652,TLÁHUAC,ZACATENCO,1
12654,TLÁHUAC,OJO DE AGUA,1
12658,TLÁHUAC,LA CONCEPCION,1
12662,TLÁHUAC,FRANCISCO VILLA,1
12668,TLÁHUAC,EMILIANO ZAPATA,1
12669,TLÁHUAC,PEÑA ALTA SUR,1
12672,TLÁHUAC,VILLA TLATEMPA,1
12675,TLÁHUAC,SANTA CRUZ MIXQUIC,1
12677,TLÁHUAC,BARRIO SAN MIGUEL MIXQUIC,1
12686,TLALPAN,TLALPAN CENTRO I,1
12687,TLALPAN,TLALPAN CENTRO II,1
12691,TLALPAN,VILLA CHARRA DEL PEDREGAL,1
12697,TLALPAN,ISIDRO FABELA,2
12698,TLALPAN,ISIDRO FABELA SECC CANTIL,2
12702,TLALPAN,TORIELLO GUERRA,2
12705,TLALPAN,PEÑA POBRE,1
12709,TLALPAN,BARRIO NIÑO JESUS,2
12710,TLALPAN,BELISARIO DOMINGUEZ SECCION XVI,4
12717,TLALPAN,PEDREGAL DE SAN NICOLAS 1A SECCION,1
12718,TLALPAN,PEDREGAL DE SAN NICOLAS 2DA SECC,2
12720,TLALPAN,PEDREGAL DEL LAGO,1
12723,TLALPAN,UNIDAD HAB PEMEX,1
12724,TLALPAN,FUENTES DEL PEDREGAL,2
12727,TLALPAN,JARDINES DEL AJUSCO,2
12739,TLALPAN,LOMAS DE BELVEDERE,4
12742,TLALPAN,MIGUEL HIDALGO 2A SECCION,1
12752,TLALPAN,PARAJE 38,2
12753,TLALPAN,VERANO,1
12795,TLALPAN,SAN LORENZO HUIPULCO,3
12806,TLALPAN,RANCHO LOS COLORINES,1
12807,TLALPAN,EX HACIENDA SAN JUAN DE DIOS,1
12809,TLALPAN,ARENAL DE GUADALUPE,1
12823,TLALPAN,SAN ANDRES TOTOLTEPEC,1
12829,TLALPAN,LA MESA,1
12838,TLALPAN,PEQUEÑA TEPEXIMILPA,1
12849,TLALPAN,PEDREGAL DE LAS AGUILAS,1
12855,TLALPAN,LA PALMA,1
12856,TLALPAN,MAGDALENA PETLACALCO,4
12857,TLALPAN,SAN MIGUEL XICALCO,1
12862,TLALPAN,OCOTLA,1
12865,TLALPAN,SAN MIGUEL TOPILEJO,5
12871,TLALPAN,LA GUADALUPANA,2
12873,TLALPAN,VALLE ESCONDIDO,1
12874,TLALPAN,COLINAS DEL BOSQUE,1
12887,TLALPAN,SAN PEDRO MARTIR,4
12890,TLALPAN,MIRADOR DEL VALLE,1
12893,TLALPAN,SAN MIGUEL AJUSCO,2
12898,TLALPAN,TECUENTITLA,1
12901,TLALPAN,SANTO TOMAS AJUSCO,3
12909,TLALPAN,2 DE OCTUBRE,3
12910,TLALPAN,LOMAS ALTAS DE PADIERNA SUR,1
12916,VENUSTIANO CARRANZA,IGNACIO ZARAGOZA,2
12917,VENUSTIANO CARRANZA,INDUSTRIAL PUERTO AEREO,1
12919,VENUSTIANO CARRANZA,PUEBLA,2
12920,VENUSTIANO CARRANZA,CENTRO,5
12923,VENUSTIANO CARRANZA,JANITZIO,1
12924,VENUSTIANO CARRANZA,VALLE GOMEZ,3
12925,VENUSTIANO CARRANZA,NICOLAS BRAVO,1
12926,VENUSTIANO CARRANZA,POPULAR RASTRO,1
12927,VENUSTIANO CARRANZA,EMILIO CARRANZA,1
12931,VENUSTIANO CARRANZA,MORELOS,11
12934,VENUSTIANO CARRANZA,10 DE MAYO,1
12936,VENUSTIANO CARRANZA,20 DE NOVIEMBRE,3
12939,VENUSTIANO CARRANZA,FELIPE ANGELES,2
12942,VENUSTIANO CARRANZA,AMPL VENUSTIANO CARRANZA,1
12950,VENUSTIANO CARRANZA,ROMERO RUBIO,2
12951,VENUSTIANO CARRANZA,SIMON BOLIVAR,2
12953,VENUSTIANO CARRANZA,AQUILES SERDAN,1
12957,VENUSTIANO CARRANZA,MIGUEL HIDALGO,1
12959,VENUSTIANO CARRANZA,PENSADOR MEXICANO,3
12960,VENUSTIANO CARRANZA,PEÑON DE LOS BAÑOS,1
12961,VENUSTIANO CARRANZA,MOCTEZUMA 2DA SECC,5
12962,VENUSTIANO CARRANZA,SANTA CRUZ AVIACION,1
12970,VENUSTIANO CARRANZA,AEROPUERTO INTER B JUAREZ,1
12971,VENUSTIANO CARRANZA,CARACOL,1
12972,VENUSTIANO CARRANZA,EL ARENAL 4TA SECC,1
12973,VENUSTIANO CARRANZA,EL ARENAL PTO AEREO,1
12976,VENUSTIANO CARRANZA,ADOLFO LOPEZ MATEOS,1
12979,VENUSTIANO CARRANZA,FEDERAL,3
12983,VENUSTIANO CARRANZA,AVIACION CIVIL,1
12985,VENUSTIANO CARRANZA,JAMAICA,1
12988,VENUSTIANO CARRANZA,ARTES GRAFICAS,1
12994,VENUSTIANO CARRANZA,JARDIN BALBUENA,4
12998,VENUSTIANO CARRANZA,KENNEDY,1
13000,VENUSTIANO CARRANZA,AERONAUTICA MILITAR,36
13003,XOCHIMILCO,SAN JUAN CENTRO,1
13005,XOCHIMILCO,SAN ANTONIO,1
13015,XOCHIMILCO,SAN BARTOLO EL CHICO,2
13017,XOCHIMILCO,ARCOS DEL SUR,1
13019,XOCHIMILCO,SANTA MARIA TEPEPAN,1
13033,XOCHIMILCO,BARRIO 18,2
13035,XOCHIMILCO,VASO DE REGULACION,1
13038,XOCHIMILCO,SAN LORENZO LA CEBADA,2
13039,XOCHIMILCO,LA CIENEGA CHICA,1
13040,XOCHIMILCO,PARQUE ECOLOGICO DE XOCHIMILCO,2
13042,XOCHIMILCO,TOLTENCO,1
13045,XOCHIMILCO,LA ASUNCION,1
13055,XOCHIMILCO,LOS MORALES,1
13063,XOCHIMILCO,SAN DIEGO,1
13068,XOCHIMILCO,XALTOCAN,1
13069,XOCHIMILCO,CALTONGO,3
13074,XOCHIMILCO,SANTIAGO TEPALCATLALPAN,3
13078,XOCHIMILCO,SAN JOSE ZACATEPEC,1
13079,XOCHIMILCO,TEPETITLA,1
13083,XOCHIMILCO,PLAN DE AYALA,1
13098,XOCHIMILCO,XOCHIPILLI,1
13100,XOCHIMILCO,PUEBLO NATIVITAS,2
13104,XOCHIMILCO,LOMAS DE NATIVITAS,1
13111,XOCHIMILCO,SANTA CRUZ ACALPIXCA,1
13115,XOCHIMILCO,SAN GREGORIO ATLAPULCO,3
13127,XOCHIMILCO,DEL CARMEN,1
13129,XOCHIMILCO,SAN ISIDRO,1
13130,XOCHIMILCO,LA GUADALUPITA TULYEHUALCO,1
13143,XOCHIMILCO,SAN MATEO XALPA,5
13147,XOCHIMILCO,EL ARENAL,1
13150,XOCHIMILCO,GUADALUPE,1
13153,XOCHIMILCO,SANTA CRUZ DE GUADALUPE,1
13157,XOCHIMILCO,SANTA CECILIA TEPETLAPA,1
13159,XOCHIMILCO,SAN FRANCISCO TLALNEPANTLA,2
13161,XOCHIMILCO,PEDREGAL DE SAN FRANCISCO,1
