11420,AZCAPOTZALCO,INDUSTRIAL VALLEJO,1
11443,AZCAPOTZALCO,UNIDAD HAB CUITLAHUAC,6
11464,AZCAPOTZALCO,SAN ANTONIO,3
11460,AZCAPOTZALCO,ISSSFAM SEDENA LAS ARMAS,3
11480,AZCAPOTZALCO,UNIDAD HAB TLATILCO,2
11473,AZCAPOTZALCO,NUEVA SANTA MARIA,6
11467,AZCAPOTZALCO,SANTIAGO AHUIZOTLA,3
11466,AZCAPOTZALCO,SAN FRANCISCO TETECALA,2
11427,AZCAPOTZALCO,SAN JUAN TLIHUACA,3
11431,AZCAPOTZALCO,UNIDAD HAB FRANCISCO VILLA,4
11429,AZCAPOTZALCO,PRADOS DEL ROSARIO,1
11405,AZCAPOTZALCO,UNIDAD HAB SAN PABLO XALPA,1
11394,AZCAPOTZALCO,INFONAVIT EL ROSARIO,15
11453,AZCAPOTZALCO,TRABAJADORES DEL HIERRO,3
11424,AZCAPOTZALCO,SANTA CRUZ DE LAS SALINAS,1
11481,AZCAPOTZALCO,SAN SALVADOR XOCHIMANCA,2
11478,AZCAPOTZALCO,OBRERO POPULAR,3
11388,AZCAPOTZALCO,CLAVERIA,9
12491,MIGUEL HIDALGO,ANGEL ZIMBRON,3
11391,AZCAPOTZALCO,ANGEL ZIMBRON,6
11390,AZCAPOTZALCO,SAN ALVARO,1
11490,AZCAPOTZALCO,EL ARENAL,6
11487,AZCAPOTZALCO,DEL GAS,2
11489,AZCAPOTZALCO,AMPL DEL GAS,3
11386,AZCAPOTZALCO,EL RECREO,7
11385,AZCAPOTZALCO,BARRIO NEXTENGO,1
11471,AZCAPOTZALCO,PLENITUD,2
11469,AZCAPOTZALCO,SANTA LUCIA,1
11463,AZCAPOTZALCO,NUEVA AMPL PETROLERA SECC 35,4
11457,AZCAPOTZALCO,SAN MIGUEL AMANTLA,3
11461,AZCAPOTZALCO,AMPL SAN PEDRO XALPA,1
11488,AZCAPOTZALCO,SAN FRANCISCO XOCOTITLA,1
11486,AZCAPOTZALCO,EL PORVENIR,1
11483,AZCAPOTZALCO,ALDANA,2
11485,AZCAPOTZALCO,LIBERACION,1
11476,AZCAPOTZALCO,IGNACIO ALLENDE,2
11484,AZCAPOTZALCO,AMPL COSMOPOLITA,4
11447,AZCAPOTZALCO,JARDIN AZPEITIA,1
11381,AZCAPOTZALCO,SANTA MARIA MANINALCO,1
11384,AZCAPOTZALCO,SINDICATO MEXICANO DE ELECTRICISTAS,3
11414,AZCAPOTZALCO,VILLA AZCAPOTZALCO,4
11441,AZCAPOTZALCO,PETROLERA,3
11449,AZCAPOTZALCO,AMPL PRO HOGAR,1
11450,AZCAPOTZALCO,PRO HOGAR,1
11456,AZCAPOTZALCO,POTRERO DEL LLANO,2
11454,AZCAPOTZALCO,EUZKADI,2
11419,AZCAPOTZALCO,SANTA CATARINA,4
11445,AZCAPOTZALCO,BARRIO JAGUEY,1
11446,AZCAPOTZALCO,ESTACION PANTACO,1
11380,AZCAPOTZALCO,LIBERTAD,1
11444,AZCAPOTZALCO,UNIDAD HAB PANTACO,2
11376,AZCAPOTZALCO,BARRIO SANTO TOMAS,3
11374,AZCAPOTZALCO,BARRIO LOS REYES,2
11375,AZCAPOTZALCO,NUEVO SAN RAFAEL,1
11439,AZCAPOTZALCO,LA PRECIOSA,1
11412,AZCAPOTZALCO,SANTO DOMINGO,3
11438,AZCAPOTZALCO,TEZOZOMOC,2
11435,AZCAPOTZALCO,LA PROVIDENCIA,2
11459,AZCAPOTZALCO,SAN PEDRO XALPA,1
11417,AZCAPOTZALCO,BARRIO SAN ANDRES,2
11418,AZCAPOTZALCO,SAN ANDRES,4
11411,AZCAPOTZALCO,PASTEROS,3
11402,AZCAPOTZALCO,SAN MARTIN XOCHINAHUAC,2
11437,AZCAPOTZALCO,UNIDAD HAB MIGUEL HIDALGO,2
11416,AZCAPOTZALCO,SANTA BARBARA,6
11436,AZCAPOTZALCO,LAS TRANCAS,1
11448,AZCAPOTZALCO,HOGARES FERROCARRILEROS,1
11591,COYOACÁN,CUADRANTE SAN FRANCISCO,1
11571,COYOACÁN,FRACC HERMOSILLO,1
11567,COYOACÁN,CAMPESTRE CHURUBUSCO,7
11558,COYOACÁN,PARQUE SAN ANDRES,2
11556,COYOACÁN,BARRIO SAN LUCAS,1
11559,COYOACÁN,DEL CARMEN,8
11551,COYOACÁN,VILLA COYOACAN,2
11570,COYOACÁN,PRADO CHURUBUSCO,7
11709,COYOACÁN,ESPARTACO,1
11722,COYOACÁN,LOS GIRASOLES III,1
11710,COYOACÁN,FRACC LOS OLIVOS,1
11697,COYOACÁN,MODULO SOCIAL IMAN,5
11689,COYOACÁN,CENTRO URBANO,1
11665,COYOACÁN,FRACC INSURGENTES CUICUILCO,3
11718,COYOACÁN,CTM IXA CULHUACAN,1
11716,COYOACÁN,UNIDAD HAB OBRERO CTM CULHUACAN 9,1
11715,COYOACÁN,UNID OBRERO CTM CULHUACAN SECC 8,1
11714,COYOACÁN,UNIDAD HAB CULHUACAN STUNAM,1
11721,COYOACÁN,UNIDAD HAB EMILIANO ZAPATA,3
11701,COYOACÁN,CONJ HAB ALIANZA POP REVOLUCIONARIA04800,1
11660,COYOACÁN,UNID OBRERO CTM CULHUACAN SECC 7,2
11656,COYOACÁN,UNIDAD HAB OBRERO CTM CULHUACAN 6,2
11646,COYOACÁN,UNIDAD HAB OBRERO CTM CULHUACAN 5,1
11730,COYOACÁN,UNID OBRERO CTM CULHUACAN SECC 10,1
11629,COYOACÁN,PEDREGAL DE SANTO DOMINGO,1
11668,COYOACÁN,PEDREGAL SANTA URSULA,8
11719,COYOACÁN,CARMEN SERDAN,1
11699,COYOACÁN,EX EJIDO SAN PABLO TEPETLAPA,1
11702,COYOACÁN,LOS PRADOS DE COYOACAN,2
11626,COYOACÁN,CIUDAD UNIVERSITARIA,20
11648,COYOACÁN,AVANTE,1
11669,COYOACÁN,XOTEPINGO,4
11670,COYOACÁN,SAN PABLO TEPETLAPA,3
11673,COYOACÁN,ADOLFO RUIZ CORTINES,2
11579,COYOACÁN,AJUSCO,3
11623,COYOACÁN,COPILCO EL ALTO,3
11575,COYOACÁN,SAN FRANCISCO CULHUACAN,4
11634,COYOACÁN,CIUDAD JARDIN,6
11605,COYOACÁN,PUEBLO DE LOS REYES,5
11593,COYOACÁN,FRACC PEDREGAL DE SAN FRANCISCO,1
11644,COYOACÁN,PETROLERA TAXQUEÑA,2
11633,COYOACÁN,ATLANTIDA,1
11674,COYOACÁN,EL RELOJ,1
11677,COYOACÁN,SANTA URSULA COAPA,1
11610,COYOACÁN,UNIDAD HAB DEL PACIFICO,1
11564,COYOACÁN,CHURUBUSCO,1
11572,COYOACÁN,PASEOS DE TAXQUEÑA,1
11574,COYOACÁN,MAGDALENA CULHUACAN,1
11595,COYOACÁN,BARRIO CUADRANTE DE SAN FRANCISCO,3
11583,COYOACÁN,CANDELARIA COYOACAN,1
11690,COYOACÁN,CONJUNTO HAB PEDREGAL DE CARRASCO,1
11685,COYOACÁN,PANTEON MAUSELEOS DEL ANGEL,1
11687,COYOACÁN,UNIDAD HAB VILLA PANAMERICANA,1
11693,COYOACÁN,RINCONADA LAS PLAYAS INFONAVIT,2
11632,COYOACÁN,LA CANTERA,1
11589,COYOACÁN,FORTIN CHIMALISTAC,2
11620,COYOACÁN,ALTILLO UNIVERSIDAD,1
11585,COYOACÁN,UNIDAD HAB MONTE DE PIEDAD,1
11592,COYOACÁN,FRACC MANUEL ROMERO DE TERREROS,1
11586,COYOACÁN,OXTOPULCO UNIVERSIDAD,1
11584,COYOACÁN,ROMERO DE TERREROS,1
11617,COYOACÁN,COPILCO UNIVERSIDAD ISSSTE,1
11642,COYOACÁN,EDUCACION,1
11647,COYOACÁN,EL CENTINELA,1
11785,CUAJIMALPA DE MORELOS,SAN LORENZO ACOPILCO,4
11779,CUAJIMALPA DE MORELOS,CENTRO COMERCIAL SANTA FE,3
11762,CUAJIMALPA DE MORELOS,SAN JOSE DE LOS CEDROS,2
11767,CUAJIMALPA DE MORELOS,JESUS DEL MONTE,3
11736,CUAJIMALPA DE MORELOS,LA MANZANITA,3
11770,CUAJIMALPA DE MORELOS,ADOLFO LOPEZ MATEOS,1
11760,CUAJIMALPA DE MORELOS,SAN JOSE DE LOS CEDROS 2DA SECC,2
11740,CUAJIMALPA DE MORELOS,LOMAS DEL PADRE,2
11739,CUAJIMALPA DE MORELOS,ZENTLAPATL,2
11743,CUAJIMALPA DE MORELOS,SAN PABLO CHIMALPA,2
11746,CUAJIMALPA DE MORELOS,LOMAS DE VISTA HERMOSA,6
11758,CUAJIMALPA DE MORELOS,LOMAS DEL CHAMIZAL 1RA SECC,1
11790,CUAJIMALPA DE MORELOS,SAN MATEO TLALTENANGO,4
11787,CUAJIMALPA DE MORELOS,EL CONTADERO,6
11778,CUAJIMALPA DE MORELOS,MEMETLA,2
11737,CUAJIMALPA DE MORELOS,CUAJIMALPA,2
11764,CUAJIMALPA DE MORELOS,EL EBANO,1
11750,CUAJIMALPA DE MORELOS,FRACC CLUB DE GOLF BOSQUES,1
11751,CUAJIMALPA DE MORELOS,LA NAVIDAD,2
11797,CUAJIMALPA DE MORELOS,LA PILA,1
11766,CUAJIMALPA DE MORELOS,JARDINES DE LA PALMA(HUIZACHITO),3
11765,CUAJIMALPA DE MORELOS,BARRIO EL MOLINO,1
11753,CUAJIMALPA DE MORELOS,BOSQUES DE LAS LOMAS,1
11748,CUAJIMALPA DE MORELOS,RES VISTAHERMOSA,1
12530,MIGUEL HIDALGO,BOSQUES DE LAS LOMAS,1
11754,CUAJIMALPA DE MORELOS,CUMBRES REFORMA,2
12009,GUSTAVO A MADERO,SIETE MARAVILLAS,1
11950,GUSTAVO A MADERO,SAN PEDRO ZACATENCO,2
11929,GUSTAVO A MADERO,LA ESCALERA,4
11941,GUSTAVO A MADERO,SAN JOSE TICOMAN,1
11859,GUSTAVO A MADERO,AMPL MALACATES,1
11861,GUSTAVO A MADERO,PRADOS DE CUAUTEPEC,1
11854,GUSTAVO A MADERO,SAN MIGUEL CUAUTEPEC EL ALTO,1
11865,GUSTAVO A MADERO,LA FORESTAL 2,1
11883,GUSTAVO A MADERO,VISTA HERMOSA,3
11881,GUSTAVO A MADERO,GRAL FELIPE BERRIOZABAL,3
11884,GUSTAVO A MADERO,TLALPEXCO,3
11852,GUSTAVO A MADERO,ATZACOALCO CTM,3
11940,GUSTAVO A MADERO,TICOMAN,1
11926,GUSTAVO A MADERO,LA CANDELARIA TICOMAN,4
11915,GUSTAVO A MADERO,EL ARBOLILLO CTM,1
11864,GUSTAVO A MADERO,LA FORESTAL,2
11858,GUSTAVO A MADERO,LOMAS DE CUAUTEPEC,1
12092,GUSTAVO A MADERO,NARCISO BASSOLS,2
11959,GUSTAVO A MADERO,JUAN GONZALEZ ROMERO,1
11853,GUSTAVO A MADERO,EL RISCO CTM,2
11872,GUSTAVO A MADERO,LA CASILDA,2
11869,GUSTAVO A MADERO,ARBOLEDAS DE CUAUTEPEC EL ALTO,1
12062,GUSTAVO A MADERO,CUCHILLA DEL TESORO,2
12094,GUSTAVO A MADERO,CTM ARAGON,1
12084,GUSTAVO A MADERO,ARAGON FOVISSSTE,1
12091,GUSTAVO A MADERO,SAN JUAN DE ARAGON 4TA Y 5TA SECC,5
12090,GUSTAVO A MADERO,SAN JUAN DE ARAGON 3RA SECC,7
12089,GUSTAVO A MADERO,SAN JUAN DE ARAGON 2DA SECC,7
12088,GUSTAVO A MADERO,SAN JUAN DE ARAGON 1RA SECC,10
12061,GUSTAVO A MADERO,MALINCHE,3
12087,GUSTAVO A MADERO,EX ESCUELA DE TIRO,2
12060,GUSTAVO A MADERO,LA JOYA,3
12058,GUSTAVO A MADERO,NUEVA TENOCHTITLAN,5
12059,GUSTAVO A MADERO,CUCHILLA LA JOYA,2
12063,GUSTAVO A MADERO,BOSQUE DE SAN JUAN DE ARAGON,1
12078,GUSTAVO A MADERO,SAN JUAN DE ARAGON,3
12051,GUSTAVO A MADERO,TABLAS DE SAN AGUSTIN,1
11996,GUSTAVO A MADERO,VILLA DE ARAGON,3
11981,GUSTAVO A MADERO,LA PRADERA 1RA SECC,2
12065,GUSTAVO A MADERO,SAN JUAN DE ARAGON 6TA SECC,1
12064,GUSTAVO A MADERO,SAN JUAN DE ARAGON 7MA SECC,1
11979,GUSTAVO A MADERO,LA PRADERA,6
11997,GUSTAVO A MADERO,CASAS ALEMAN,3
11978,GUSTAVO A MADERO,SAN PEDRO EL CHICO,1
12045,GUSTAVO A MADERO,BONDOJITO,1
12037,GUSTAVO A MADERO,TRES ESTRELLAS,3
11841,GUSTAVO A MADERO,GUSTAVO A MADERO,4
11839,GUSTAVO A MADERO,TEPEYAC INSURGENTES,10
12021,GUSTAVO A MADERO,SAN BARTOLO ATEPEHUACAN,2
12019,GUSTAVO A MADERO,UNIDAD LINDAVISTA VALLEJO,3
11983,GUSTAVO A MADERO,SAN FELIPE DE JESUS,5
11984,GUSTAVO A MADERO,25 DE JULIO,2
11840,GUSTAVO A MADERO,ATZACOALCO,2
11965,GUSTAVO A MADERO,VASCO DE QUIROGA,3
11849,GUSTAVO A MADERO,GABRIEL HERNANDEZ,1
11835,GUSTAVO A MADERO,SANTA ISABEL TOLA,9
11924,GUSTAVO A MADERO,LINDAVISTA,10
11960,GUSTAVO A MADERO,VILLAHERMOSA,2
11954,GUSTAVO A MADERO,RES ZACATENCO,11
11850,GUSTAVO A MADERO,AMPL GABRIEL HERNANDEZ,4
11939,GUSTAVO A MADERO,SANTA MARIA TICOMAN,4
12016,GUSTAVO A MADERO,VALLEJO LA PATERA,1
11998,GUSTAVO A MADERO,PROGRESO NACIONAL,3
12002,GUSTAVO A MADERO,AMPL PROGRESO NACIONAL,1
11947,GUSTAVO A MADERO,GUADALUPE TICOMAN,1
12003,GUSTAVO A MADERO,GUADALUPE PROLETARIA,3
11918,GUSTAVO A MADERO,ZONA RES ACUEDUCTO DE GUADALUPE,1
12001,GUSTAVO A MADERO,SANTIAGO ATEPETLAC,2
12000,GUSTAVO A MADERO,SAN JOSE DE LA ESCALERA,2
11948,GUSTAVO A MADERO,SAN JUAN TICOMAN,1
11923,GUSTAVO A MADERO,LA PASTORA,3
11916,GUSTAVO A MADERO,ACUEDUCTO DE GUADALUPE,3
11907,GUSTAVO A MADERO,BENITO JUAREZ,1
11873,GUSTAVO A MADERO,LOMA DE LA PALMA,2
11895,GUSTAVO A MADERO,CHALMA DE GUADALUPE,1
11855,GUSTAVO A MADERO,BO CUAUTEPEC EL ALTO,2
11857,GUSTAVO A MADERO,SAN ANTONIO,1
11862,GUSTAVO A MADERO,COMPOSITORES MEXICANOS,1
11882,GUSTAVO A MADERO,6 DE JUNIO,1
11905,GUSTAVO A MADERO,EL ARBOLILLO II CROC,2
11891,GUSTAVO A MADERO,CUAUTEPEC DE MADERO,1
11856,GUSTAVO A MADERO,CUATEPEC EL BAJO,6
11958,GUSTAVO A MADERO,SALVADOR DIAZ MIRON,3
12041,GUSTAVO A MADERO,GUADALUPE TEPEYAC,4
12035,GUSTAVO A MADERO,ESTRELLA,9
11995,GUSTAVO A MADERO,AMPL PROVIDENCIA,3
11994,GUSTAVO A MADERO,PROVIDENCIA,3
11974,GUSTAVO A MADERO,GRANJAS MODERNAS,1
11977,GUSTAVO A MADERO,SANTA COLETA,3
11975,GUSTAVO A MADERO,CONSTITUCION DE LA REPUBLICA,4
12054,GUSTAVO A MADERO,GUADALUPE INSURGENTES,2
11985,GUSTAVO A MADERO,CAMPESTRE ARAGON,9
11834,GUSTAVO A MADERO,ARAGON,3
11957,GUSTAVO A MADERO,TLACAMACA,1
11955,GUSTAVO A MADERO,CAPULTITLAN,1
12029,GUSTAVO A MADERO,PANAMERICANA,2
11845,GUSTAVO A MADERO,MARTIN CARRERA,6
12034,GUSTAVO A MADERO,INDUSTRIAL,2
12026,GUSTAVO A MADERO,AMPL MAGDALENA DE LAS SALINAS,1
12027,GUSTAVO A MADERO,MAGDALENA DE LAS SALINAS,2
11848,GUSTAVO A MADERO,LA DINAMITA,1
12005,GUSTAVO A MADERO,AMPL GUADALUPE PROLETARIA,3
11962,GUSTAVO A MADERO,NUEVA ATZACOALCO,2
11901,GUSTAVO A MADERO,EL ARBOLILLO 3,4
12007,GUSTAVO A MADERO,NUEVA INDUSTRIAL VALLEJO NORTE,1
11937,GUSTAVO A MADERO,ARROYO DE GUADALUPE,1
11930,GUSTAVO A MADERO,LA PURISIMA TICOMAN,1
11966,GUSTAVO A MADERO,DM NACIONAL,1
11887,GUSTAVO A MADERO,CUAUTEPEC DEL CARMEN,1
11899,GUSTAVO A MADERO,ZONA ESCOLAR,1
11894,GUSTAVO A MADERO,GUADALUPE VICTORIA CUAUTEPEC,3
11877,GUSTAVO A MADERO,LUIS DONALDO COLOSIO MURRIETA,2
12044,GUSTAVO A MADERO,7 DE NOVIEMBRE,1
12102,IZTACALCO,AGUA CALIENTE,1
12097,IZTACALCO,AMPL GABRIEL RAMOS MILLAN,4
12125,IZTACALCO,RICARDO FLORES MAGON,1
12113,IZTACALCO,MARIO MORENO,2
12100,IZTACALCO,LIC CARLOS ZAPATA 1RA Y 2DA SECC,2
12150,IZTACALCO,BENITO JUAREZ,4
12098,IZTACALCO,CUCHILLA GABRIEL RAMOS MILLAN,3
12116,IZTACALCO,AGRICOLA ORIENTAL,23
12144,IZTACALCO,MILITAR MARTE,6
12145,IZTACALCO,REFORMA IZTACCIHUATL SUR,3
12146,IZTACALCO,IZTACALCO INFONAVIT,10
12143,IZTACALCO,SANTIAGO,1
12140,IZTACALCO,REFORMA IZTACCIHUATL NORTE,9
12148,IZTACALCO,JARDINES DE TECMA,1
12147,IZTACALCO,SANTA CRUZ,1
12120,IZTACALCO,LA ASUNCION,2
12095,IZTACALCO,GABRIEL RAMOS MILLAN SECC BRAMADERO,4
12130,IZTACALCO,JUVENTINO ROSAS,5
12134,IZTACALCO,INPI LOS PICOS,1
12138,IZTACALCO,LOS PICOS DE IZTACALCO 2DA SECC,1
12137,IZTACALCO,LOS PICOS DE IZTACALCO 1RA SECC,3
12129,IZTACALCO,SAN MIGUEL,3
12121,IZTACALCO,ZAPOTLA,1
12117,IZTACALCO,EL RODEO,1
12096,IZTACALCO,EX EJIDO MAGDALENA MIXHUCA,2
12133,IZTACALCO,GABRIEL RAMOS MILLAN SECC TLACOTAL,1
12131,IZTACALCO,TLAZINTLA,1
12142,IZTACALCO,MAESTROS DE IZTACALCO,1
12106,IZTACALCO,SAN FRANCISCO XICALTONGO,1
12105,IZTACALCO,SAN PEDRO,1
12118,IZTACALCO,HERMANOS BLANCAS,2
12112,IZTACALCO,GRANJAS MEXICO,6
12111,IZTACALCO,COYUYA,1
12109,IZTACALCO,SANTA ANITA,3
12103,IZTACALCO,VIADUCTO PIEDAD,2
12104,IZTACALCO,NUEVA SANTA ANITA,1
12114,IZTACALCO,CUCHILLA AGRICOLA ORIENTAL,1
12101,IZTACALCO,PANTITLAN,15
12149,IZTACALCO,MARTIRES DE TLATELOLCO,1
12136,IZTACALCO,INPI IZTACALCO,2
12287,IZTAPALAPA,PALMITAS,4
12282,IZTAPALAPA,XALPA,6
12286,IZTAPALAPA,CITLALLI,2
12292,IZTAPALAPA,DESARROLLO URBANO QUETZALCOATL,12
12187,IZTAPALAPA,UNIDAD HAB CABEZA DE JUAREZ,4
12291,IZTAPALAPA,MIGUEL DE LA MADRID HURTADO,2
12224,IZTAPALAPA,SAN JUANICO NEXTIPAC,2
12361,IZTAPALAPA,SAN JUAN XALPA,8
12288,IZTAPALAPA,TENORIOS,5
12312,IZTAPALAPA,CONGRESO AGRARISTA MEXICANO,6
12307,IZTAPALAPA,PRESIDENTES DE MEXICO,7
12365,IZTAPALAPA,PARAJE SAN JUAN CERRO,2
12264,IZTAPALAPA,2DA AMPL SANTIAGO ACAHUALTEPEC,6
12217,IZTAPALAPA,BARRIO SAN MIGUEL,6
12290,IZTAPALAPA,MIRAVALLE,3
12295,IZTAPALAPA,CARLOS HANK GONZALEZ,1
12203,IZTAPALAPA,UNIDAD HAB SANTA CRUZ MEYEHUALCO,10
12180,IZTAPALAPA,UNIDAD HAB VICENTE GUERRERO,20
12181,IZTAPALAPA,CHINAMPAC DE JUAREZ,3
12261,IZTAPALAPA,EJÉRCITO DE AGUA PRIETA,2
12384,IZTAPALAPA,GRANJAS ESTRELLA,2
12403,IZTAPALAPA,COOPERATIVA ALLAPETLALLI,1
12402,IZTAPALAPA,CONJUNTO HAB CELOALLIOTLI,4
12400,IZTAPALAPA,EX HACIENDA SAN NICOLAS TOLENTINO,1
12399,IZTAPALAPA,EL MOLINO TEZONCO,2
12299,IZTAPALAPA,VALLE DE SAN LORENZO,1
12277,IZTAPALAPA,MIGUEL DE LA MADRID,1
12280,IZTAPALAPA,HUITZICO,3
12294,IZTAPALAPA,BUENAVISTA,3
12300,IZTAPALAPA,MIXCOATL,3
12316,IZTAPALAPA,LOMAS DE SAN LORENZO,10
12373,IZTAPALAPA,UNIDAD HAB BELLAVISTA,1
12309,IZTAPALAPA,LAS PEÑAS,5
12326,IZTAPALAPA,VALLE DE LUCES 1RA SECCION,1
12351,IZTAPALAPA,PLAN DE IGUALA,2
12342,IZTAPALAPA,AMPL EL SANTUARIO,2
12395,IZTAPALAPA,LA ESPERANZA,3
12310,IZTAPALAPA,AMPL LAS PENAS,2
12345,IZTAPALAPA,LOS ANGELES,3
12339,IZTAPALAPA,EL SANTUARIO,3
12338,IZTAPALAPA,SANTA ISABEL INDUSTRIAL,1
12179,IZTAPALAPA,CONJ URBANO POP ERMITA ZARAGOZA,12
12178,IZTAPALAPA,UNIDAD HAB LA COLMENA,1
12205,IZTAPALAPA,LEYES DE REFORMA 1RA SECCION,1
12204,IZTAPALAPA,GUADALUPE DEL MORAL,6
12171,IZTAPALAPA,JUAN ESCUTIA,9
12188,IZTAPALAPA,UNIDAD HAB IGNACIO ZARAGOZA,2
12396,IZTAPALAPA,JOSE LOPEZ PORTILLO,5
12404,IZTAPALAPA,SAN JOSE BUENAVISTA,1
12270,IZTAPALAPA,SAN MIGUEL TEOTONGO(SECC GUADALUPE),8
12283,IZTAPALAPA,SAN PABLO II,1
12265,IZTAPALAPA,LOMAS DE ZARAGOZA,3
12262,IZTAPALAPA,SANTIAGO ACAHUALTEPEC,3
12257,IZTAPALAPA,PARAJE ZACATEPEC,3
12168,IZTAPALAPA,UNIDAD MODELO,4
12165,IZTAPALAPA,GRANJAS SAN ANTONIO,3
12230,IZTAPALAPA,SAN JOSE ACULCO,1
12193,IZTAPALAPA,FRACC POPULAR ALVARO OBREGON,3
12160,IZTAPALAPA,DOCTOR ALFONSO ORTIZ TIRADO,2
12173,IZTAPALAPA,VOCEADORES,1
12397,IZTAPALAPA,EL ROSARIO,3
12394,IZTAPALAPA,BARRIO SAN ANTONIO,6
12368,IZTAPALAPA,CERRO DE LA ESTRELLA,3
12379,IZTAPALAPA,SAN ANDRES TOMATLAN,3
12389,IZTAPALAPA,LOMAS ESTRELLA 2DA SECCION,2
12380,IZTAPALAPA,SANTA MARIA TOMATLAN,1
12319,IZTAPALAPA,ESTRELLA DE CULHUACAN,3
12321,IZTAPALAPA,LUIS ECHEVERRIA ALVAREZ,6
12293,IZTAPALAPA,PUEBLO SANTA CRUZ MEYEHUALCO,3
12252,IZTAPALAPA,AMPL Z URB EJ STA MARIA AZTAHUACAN,2
12250,IZTAPALAPA,SANTA MARIA AZTAHUACAN,2
12304,IZTAPALAPA,LA HERA,3
12302,IZTAPALAPA,LOS ANGELES APANOAYA,1
12303,IZTAPALAPA,FRANCISCO VILLA,3
12346,IZTAPALAPA,PARAJE SAN JUAN,5
12325,IZTAPALAPA,UNIDAD HAB SAN ANTONIO CULHUACAN,1
12332,IZTAPALAPA,MINERVA,1
12219,IZTAPALAPA,AMPL SAN MIGUEL,2
12357,IZTAPALAPA,Z URB EJ LOS REYES CULHUACAN,5
12336,IZTAPALAPA,VALLE DEL SUR,1
12202,IZTAPALAPA,JACARANDAS,3
12200,IZTAPALAPA,CONSTITUCION DE 1917,2
12198,IZTAPALAPA,LA REGADERA,1
12177,IZTAPALAPA,SOLIDARIDAD,3
12349,IZTAPALAPA,UNIDAD HAB CUITLAHUAC,1
12335,IZTAPALAPA,LOS CIPRESES,1
12333,IZTAPALAPA,PROGRESO DEL SUR,1
12334,IZTAPALAPA,GRANJAS ESMERALDA,4
12254,IZTAPALAPA,PUEBLO SANTA MARTHA ACATITLA,7
12251,IZTAPALAPA,Z URB EJ STA MARIA AZTAHUACAN,4
12183,IZTAPALAPA,TEPALCATES,3
12281,IZTAPALAPA,LOMAS DE LA ESTANCIA,6
12269,IZTAPALAPA,SAN MIGUEL TEOTONGO(SECC CORR),3
12289,IZTAPALAPA,IXTLAHUACAN,5
12271,IZTAPALAPA,SAN MIGUEL TEOTONGO(SECC LA CRUZ),2
12305,IZTAPALAPA,REFORMA POLITICA,2
12272,IZTAPALAPA,SAN MIGUEL TEOTONGO(SECC PALMAS),3
12275,IZTAPALAPA,SAN MIGUEL TEOTONGO (SECC LAS TORR),6
12360,IZTAPALAPA,PANTEON CIVIL DE IZTAPALAPA,1
12195,IZTAPALAPA,PROGRESISTA,1
12152,IZTAPALAPA,BARRIO SAN JOSE,1
12154,IZTAPALAPA,BARRIO SAN PABLO,1
12153,IZTAPALAPA,BARRIO SAN LUCAS,6
12156,IZTAPALAPA,BARRIO SANTA BARBARA,3
12163,IZTAPALAPA,ESCUADRON 201,5
12256,IZTAPALAPA,EL EDEN,2
12175,IZTAPALAPA,ZONA URB STA MARTHA ACATITLA NORTE,7
12245,IZTAPALAPA,BANJIDAL,3
12194,IZTAPALAPA,UNID HAB EJERC DE OTE ZONA PEÑON,7
12155,IZTAPALAPA,BARRIO SAN PEDRO,1
12158,IZTAPALAPA,BARRIO SAN IGNACIO,4
12164,IZTAPALAPA,SECTOR POPULAR,1
12169,IZTAPALAPA,HEROES DE CHURUBUSCO,4
12248,IZTAPALAPA,AMPL SINATEL,4
12258,IZTAPALAPA,ZONA URB STA MARTHA ACATITLA SUR,4
12215,IZTAPALAPA,UNIDAD HAB MARGARITA MAZA DE JUAREZ,1
12225,IZTAPALAPA,SIFON,2
12240,IZTAPALAPA,EL RETOÑO,2
12241,IZTAPALAPA,SAN ANDRES TETEPILCO,4
12242,IZTAPALAPA,ZACAHUITZCO,3
12191,IZTAPALAPA,UNIDAD HAB EJERCITO DE ORIENTE,5
12214,IZTAPALAPA,SIDERAL,1
12210,IZTAPALAPA,LEYES DE REFORMA,7
12235,IZTAPALAPA,PURISIMA ATLAZOLPA,2
12229,IZTAPALAPA,MAGDALENA ATLAZOLPA,1
12174,IZTAPALAPA,SAN LORENZO XICOTENCATL,5
12185,IZTAPALAPA,UNID HAB EJERC CONSTITUCIONALISTA,10
12159,IZTAPALAPA,REAL DEL MORAL,2
12162,IZTAPALAPA,LOS PASEOS DE CHURUBUSCO,2
12184,IZTAPALAPA,REFORMA EDUCATIVA,1
12170,IZTAPALAPA,MEXICALTZINGO,3
12222,IZTAPALAPA,GAVILAN,1
12364,IZTAPALAPA,INFONAVIT SAN FRANCISCO,2
12352,IZTAPALAPA,SAN LORENZO TEZONCO,1
12197,IZTAPALAPA,UNIDAD HAB PLUTARCO ELIAS CALLES,2
12311,IZTAPALAPA,INSURGENTES,1
12372,IZTAPALAPA,SABADELL BELLAVISTA,1
12391,IZTAPALAPA,UNIDAD HAB BENITO JUAREZ,2
12386,IZTAPALAPA,UNIDAD HAB MILITAR SEDENA,1
12376,IZTAPALAPA,SAN JUAN ESTRELLA,1
12385,IZTAPALAPA,TRIANGULO DE LAS AGUJAS,1
12388,IZTAPALAPA,LOMAS ESTRELLA,1
12182,IZTAPALAPA,RENOVACION,1
12279,IZTAPALAPA,AMPL EMILIANO ZAPATA,1
12322,IZTAPALAPA,PUEBLO CULHUACAN,1
12157,IZTAPALAPA,BARRIO LA ASUNCION,1
12439,LA MAGDALENA CONTRERAS,EL ERMITAÑO,1
12435,LA MAGDALENA CONTRERAS,POTRERILLO,2
12438,LA MAGDALENA CONTRERAS,PUEBLO NUEVO ALTO,1
12416,LA MAGDALENA CONTRERAS,PUEBLO SAN BERNABE OCOTEPEC,4
12427,LA MAGDALENA CONTRERAS,ATACAXCO,1
12428,LA MAGDALENA CONTRERAS,VISTA HERMOSA,3
12442,LA MAGDALENA CONTRERAS,SANTA TERESA,4
12437,LA MAGDALENA CONTRERAS,LA CARBONERA,1
12423,LA MAGDALENA CONTRERAS,HUAYATLA,1
12421,LA MAGDALENA CONTRERAS,LOMAS DE SAN BERNABE,3
12447,LA MAGDALENA CONTRERAS,BARRIO PLAZUELA DEL PEDREGAL,1
12446,LA MAGDALENA CONTRERAS,LA CONCEPCION,1
12450,LA MAGDALENA CONTRERAS,PUEBLO LA MAGDALENA CONTRERAS,3
12449,LA MAGDALENA CONTRERAS,PUEBLO SAN NICOLAS TOTOLAPAN,2
12445,LA MAGDALENA CONTRERAS,GUADALUPE,1
12444,LA MAGDALENA CONTRERAS,LA CRUZ,1
12432,LA MAGDALENA CONTRERAS,BARRIO BARRANCA SECA,4
12436,LA MAGDALENA CONTRERAS,PUEBLO NUEVO BAJO,4
12441,LA MAGDALENA CONTRERAS,HEROES DE PADIERNA,2
12431,LA MAGDALENA CONTRERAS,SAN FRANCISCO,1
12434,LA MAGDALENA CONTRERAS,EL TORO,1
12433,LA MAGDALENA CONTRERAS,EL ROSAL,1
12405,LA MAGDALENA CONTRERAS,LOMAS QUEBRADAS,3
12408,LA MAGDALENA CONTRERAS,CUAUHTEMOC,4
12429,LA MAGDALENA CONTRERAS,BARROS SIERRA,1
12430,LA MAGDALENA CONTRERAS,SAN JERONIMO ACULCO,4
12415,LA MAGDALENA CONTRERAS,SAN JERONIMO LIDICE,5
12426,LA MAGDALENA CONTRERAS,LAS PALMAS,2
12418,LA MAGDALENA CONTRERAS,EL TANQUE,1
12414,LA MAGDALENA CONTRERAS,PEDREGAL DE SAN JERONIMO,3
12410,LA MAGDALENA CONTRERAS,UNIDAD INDEPENDENCIA IMSS,1
12412,LA MAGDALENA CONTRERAS,INDEPENDENCIA BATAN SUR,3
12425,LA MAGDALENA CONTRERAS,TIERRA UNIDA,1
12411,LA MAGDALENA CONTRERAS,INDEPENDENCIA BATAN NORTE,1
12409,LA MAGDALENA CONTRERAS,INDEPENDENCIA SAN RAMON,1
12443,LA MAGDALENA CONTRERAS,RESIDENCIAL SANTA TERESA,1
12576,MILPA ALTA,SAN MARCOS TLACOTENCO,2
12577,MILPA ALTA,SANTA ANA TLACOTENCO,1
12578,MILPA ALTA,BARRIO GUADALUPITA,2
12566,MILPA ALTA,SAN SALVADOR CUAUHTENCO,4
12564,MILPA ALTA,BARRIO OCOTITLA,3
12560,MILPA ALTA,BARRIO TULA,1
12570,MILPA ALTA,BARRIO CENTRO,2
12571,MILPA ALTA,BARRIO SAN JUAN,3
12568,MILPA ALTA,BARRIO TLACPAC,1
12575,MILPA ALTA,PUEBLO SAN JUAN TEPENAHUAC,2
12573,MILPA ALTA,PUEBLO SAN JERONIMO MIACATLAN,1
12549,MILPA ALTA,BARRIO SAN AGUSTIN,3
12574,MILPA ALTA,SAN FRANCISCO TECOXPA,5
12550,MILPA ALTA,PUEBLO SAN AGUSTIN OHTENCO,3
12544,MILPA ALTA,BARRIO SANTA CRUZ,1
12565,MILPA ALTA,SAN BARTOLOME XICOMULCO,4
12553,MILPA ALTA,BARRIO XOCHITEPEC,3
12551,MILPA ALTA,BARRIO TENANTITLA,5
12547,MILPA ALTA,BARRIO LA CONCEPCION,2
12548,MILPA ALTA,BARRIO LA LUZ,1
12562,MILPA ALTA,BARRIO AMPL SANTA MARTHA,1
12545,MILPA ALTA,BARRIO SANTA MARTHA,2
12682,TLÁHUAC,EMILIANO ZAPATA 1RA SECC,1
12542,MILPA ALTA,BARRIO LOS ANGELES,1
12558,MILPA ALTA,BARRIO TECAXTITLA,1
11221,ÁLVARO OBREGÓN,PEZ,2
11215,ÁLVARO OBREGÓN,REACOMODO JALALPA EL GRANDE,3
11223,ÁLVARO OBREGÓN,OLIVAR DEL CONDE 2DA SECC,3
11234,ÁLVARO OBREGÓN,AMPL HOGAR Y REDENCION,4
11199,ÁLVARO OBREGÓN,PRESIDENTES,1
11137,ÁLVARO OBREGÓN,UNIDAD HAB BELEN,2
11346,ÁLVARO OBREGÓN,SAN JOSE DEL OLIVAR,1
11319,ÁLVARO OBREGÓN,TETELPAN,1
11345,ÁLVARO OBREGÓN,LA ANGOSTURA,1
11323,ÁLVARO OBREGÓN,EL MIRADOR,1
11353,ÁLVARO OBREGÓN,SAN MATEO TLALTENANGO,1
11359,ÁLVARO OBREGÓN,SANTA ROSA XOCHIAC,1
11361,ÁLVARO OBREGÓN,TORRES DE POTRERO,2
11362,ÁLVARO OBREGÓN,RINCON DE LA BOLSA,1
11368,ÁLVARO OBREGÓN,LOMAS DE LA HERA,2
11277,ÁLVARO OBREGÓN,AVE REAL,1
11356,ÁLVARO OBREGÓN,RANCHO SAN FRANCISCO,1
11371,ÁLVARO OBREGÓN,JARDINES DEL PEDREGAL,3
11082,ÁLVARO OBREGÓN,LORETO Y CAMPAMENTO,1
11086,ÁLVARO OBREGÓN,LORETO,1
11348,ÁLVARO OBREGÓN,TIZAMPAMPANO,1
11357,ÁLVARO OBREGÓN,VILLA VERDUM,1
11358,ÁLVARO OBREGÓN,LOMAS DE AXOMIATLA,1
11331,ÁLVARO OBREGÓN,LOMAS DE LAS AGUILAS,1
11070,ÁLVARO OBREGÓN,CAMPESTRE,1
11344,ÁLVARO OBREGÓN,FLOR DE MARIA,1
11068,ÁLVARO OBREGÓN,AXOTLA,1
11241,ÁLVARO OBREGÓN,TORRES DE MIXCOAC,2
11239,ÁLVARO OBREGÓN,LOMAS DE PLATEROS,3
11249,ÁLVARO OBREGÓN,LOS CEDROS,1
11236,ÁLVARO OBREGÓN,ALFONSO XIII,4
11220,ÁLVARO OBREGÓN,OLIVAR DEL CONDE 1RA SECC,1
11205,ÁLVARO OBREGÓN,AMPL JALALPA,1
11138,ÁLVARO OBREGÓN,PANTEON SANTA FE,1
11164,ÁLVARO OBREGÓN,TECOLALCO,1
11159,ÁLVARO OBREGÓN,EL PIRU (SANTA FE),1
11155,ÁLVARO OBREGÓN,LA HUERTA,1
11139,ÁLVARO OBREGÓN,SANTA FE,2
11130,ÁLVARO OBREGÓN,UNIDAD HAB SANTA FE IMSS,3
11347,ÁLVARO OBREGÓN,OLIVAR DE LOS PADRES,1
11340,ÁLVARO OBREGÓN,PARQUE LAS AGUILAS,1
11208,ÁLVARO OBREGÓN,2DA AMPL PRESIDENTES,1
11206,ÁLVARO OBREGÓN,AMPL PILOTO ADOLFO LOPEZ MATEOS,2
11111,ÁLVARO OBREGÓN,UNIDAD HAB POPULAR TEPEACA,1
11305,ÁLVARO OBREGÓN,HERON PROAL,1
11227,ÁLVARO OBREGÓN,MINAS DE CRISTO,1
11225,ÁLVARO OBREGÓN,BARRIO NORTE,1
11105,ÁLVARO OBREGÓN,HIDALGO,1
11088,ÁLVARO OBREGÓN,UNIDAD HAB LOMAS DE STO DOMINGO,1
11101,ÁLVARO OBREGÓN,LIBERALES DE 1857,2
11087,ÁLVARO OBREGÓN,REACOMODO LOMAS DE SANTO DOMINGO,1
11195,ÁLVARO OBREGÓN,UNIDAD HAB LOMAS DE BECERRA,4
11123,ÁLVARO OBREGÓN,CRISTO REY,1
11229,ÁLVARO OBREGÓN,SANTA MARIA NONOALCO,1
11360,ÁLVARO OBREGÓN,AMPL TORRES DE POTRERO,1
11256,ÁLVARO OBREGÓN,PIRU XOCOMECATLA,1
11207,ÁLVARO OBREGÓN,PILOTO ADOLFO LOPEZ MATEOS,3
12680,TLÁHUAC,SAN NICOLAS TETELCO,2
12669,TLÁHUAC,PEÑA ALTA SUR,1
12661,TLÁHUAC,LA ASUNCION,2
12675,TLÁHUAC,SANTA CRUZ MIXQUIC,3
12677,TLÁHUAC,BARRIO SAN MIGUEL MIXQUIC,2
12674,TLÁHUAC,BARRIO LOS REYES MIXQUIC,1
13140,XOCHIMILCO,SANTA MARIA NATIVITAS,2
13132,XOCHIMILCO,SAN SEBASTIAN,6
12587,TLÁHUAC,BARRIO GUADALUPE,1
12586,TLÁHUAC,SANTA ANA,3
12618,TLÁHUAC,VILLAS LA DRAGA,1
12620,TLÁHUAC,VILLA CENTROAMERICANA Y DEL CARIBE,3
12608,TLÁHUAC,DR FRANCISCO CABRERA,2
12606,TLÁHUAC,ZAPOTITLAN,2
12660,TLÁHUAC,BARRIO LA LUPITA,2
12593,TLÁHUAC,QUIAHUATLA,2
12637,TLÁHUAC,LA CONCHITA ZAPOTITLAN,1
12589,TLÁHUAC,BARRIO LA MAGDALENA,1
12621,TLÁHUAC,AGRICOLA METROPOLITANA,2
12617,TLÁHUAC,DEL MAR,3
12635,TLÁHUAC,LA ESTACION,1
12649,TLÁHUAC,AMPL SELENE,3
12584,TLÁHUAC,BARRIO SAN MATEO,7
12590,TLÁHUAC,BARRIO SAN MIGUEL,2
12580,TLÁHUAC,BARRIO LA ASUNCION,1
12582,TLÁHUAC,SAN JOSE,5
12581,TLÁHUAC,SANTA CECILIA,7
12643,TLÁHUAC,SELENE 1A SECCION,5
12654,TLÁHUAC,OJO DE AGUA,2
12604,TLÁHUAC,MIGUEL HIDALGO,6
12650,TLÁHUAC,DEPORTIVA CET 1,3
12653,TLÁHUAC,GUADALUPE TLALTENCO,4
12631,TLÁHUAC,SANTIAGO SUR,3
12613,TLÁHUAC,LA NOPALERA,3
12598,TLÁHUAC,SAN MIGUEL YECAHUIZOTL,3
12596,TLÁHUAC,GUADALUPE YECAHUIZOTL,1
12603,TLÁHUAC,BARRIO CONCEPCION,1
12656,TLÁHUAC,BARRIO LA SOLEDAD,2
12633,TLÁHUAC,GUTIERREZ NAJERA,2
12624,TLÁHUAC,SANTA ANA CENTRO,2
12667,TLÁHUAC,EL ROSARIO,1
12865,TLALPAN,SAN MIGUEL TOPILEJO,11
12896,TLALPAN,JARDINES DE SAN JUAN,2
12893,TLALPAN,SAN MIGUEL AJUSCO,3
12901,TLALPAN,SANTO TOMAS AJUSCO,5
13083,XOCHIMILCO,PLAN DE AYALA,1
12840,TLALPAN,TEPEXIMILPA SERVIMET,2
12887,TLALPAN,SAN PEDRO MARTIR,5
12832,TLALPAN,TEPETONGO,1
12829,TLALPAN,LA MESA,1
12743,TLALPAN,AMPL MIGUEL HIDALGO 3A SECCION,4
12888,TLALPAN,VALLE VERDE,2
12909,TLALPAN,2 DE OCTUBRE,2
12907,TLALPAN,VISTAS DEL PEDREGAL,1
12823,TLALPAN,SAN ANDRES TOTOLTEPEC,8
12767,TLALPAN,TENORIOS INFONAVIT 1,1
12765,TLALPAN,GABRIEL RAMOS MILLAN,3
12890,TLALPAN,MIRADOR DEL VALLE,1
12891,TLALPAN,PARAJE TETENCO,3
12856,TLALPAN,MAGDALENA PETLACALCO,4
12889,TLALPAN,TLALMILLE,1
12753,TLALPAN,VERANO,1
12912,TLALPAN,RINCON DEL MIRADOR II,1
12902,TLALPAN,BELVEDERE,1
12908,TLALPAN,BOSQUES DEL PEDREGAL,2
12716,TLALPAN,SECTOR 17,1
12911,TLALPAN,RINCON DEL MIRADOR I,1
12738,TLALPAN,CRUZ DEL FAROL,2
12739,TLALPAN,LOMAS DE BELVEDERE,1
12733,TLALPAN,CUCHILLA DE PADIERNA,3
12736,TLALPAN,JOSE LOPEZ PORTILLO,2
12735,TLALPAN,CULTURA MAYA,2
12744,TLALPAN,AMPL MIGUEL HIDALGO 4TA SECC,2
12714,TLALPAN,PEDREGAL DE SAN NICOLAS 4TA SECC,3
12857,TLALPAN,SAN MIGUEL XICALCO,2
12850,TLALPAN,LOS VOLCANES,1
12880,TLALPAN,CHIMALCOYOTL,2
12848,TLALPAN,TLALCOLIGIA,6
12849,TLALPAN,PEDREGAL DE LAS AGUILAS,1
12687,TLALPAN,TLALPAN CENTRO II,1
12686,TLALPAN,TLALPAN CENTRO I,9
12831,TLALPAN,SANTA URSULA XITLA,1
12828,TLALPAN,PARQUE NACIONAL FUENTES BROTANTES,3
12685,TLALPAN,MIGUEL HIDALGO,8
12741,TLALPAN,MIGUEL HIDALGO 1A. SECCION,1
12742,TLALPAN,MIGUEL HIDALGO 2A SECCION,2
12730,TLALPAN,HEROES DE PADIERNA,1
12731,TLALPAN,TORRES DE PADIERNA,1
12713,TLALPAN,PEDREGAL DE SAN NICOLAS 3RA SECC,2
12816,TLALPAN,RESIDENCIAL VILLA COAPA SUPER MANZANA 4,1
12807,TLALPAN,EX HACIENDA SAN JUAN DE DIOS,3
12728,TLALPAN,LOMAS DE PADIERNA,6
12801,TLALPAN,FRACC RINCON DE SAN JUAN,1
12717,TLALPAN,PEDREGAL DE SAN NICOLAS 1A SECCION,4
12774,TLALPAN,GRANJAS COAPA,2
12817,TLALPAN,RESIDENCIAL VILLA COAPA SUPER MANZANA 8,2
12796,TLALPAN,VILLA LAZARO CARDENAS,2
12747,TLALPAN,DE CARAMAGUEY,1
12785,TLALPAN,EQUIPAMIENTO COLEGIO MEXICO,1
12763,TLALPAN,FLORESTA COYOACAN,1
12760,TLALPAN,FRACC BELISARIO DOMINGUEZ,1
12700,TLALPAN,PUEBLO QUIETO,1
12697,TLALPAN,ISIDRO FABELA,1
12703,TLALPAN,ZONA ARQUEOLOGICA DE CUICUILCO,1
12846,TLALPAN,UNIDAD HAB RES INSURGENTES SUR,1
12878,TLALPAN,UNIDAD HAB ISSFAM,2
12820,TLALPAN,EQUIPAMIENTO PLAZA COAPA,1
12788,TLALPAN,JARDINES VILLA COAPA,1
12775,TLALPAN,SAUZALES CEBADALES - UNIDAD HABITACIONAL -,1
12778,TLALPAN,CONJUNTO INFONAVIT CUEMANCO,1
12804,TLALPAN,AMSA,1
13158,XOCHIMILCO,VILLA SAN ISIDRO,2
13033,XOCHIMILCO,BARRIO 18,1
13127,XOCHIMILCO,DEL CARMEN,2
13038,XOCHIMILCO,SAN LORENZO LA CEBADA,1
13135,XOCHIMILCO,CRISTO REY,2
13113,XOCHIMILCO,LAS CRUCES,1
13111,XOCHIMILCO,SANTA CRUZ ACALPIXCA,3
13124,XOCHIMILCO,SAN JUAN MINAS,3
13069,XOCHIMILCO,CALTONGO,2
13064,XOCHIMILCO,SAN ESTEBAN,1
13045,XOCHIMILCO,LA ASUNCION,1
13018,XOCHIMILCO,SAN JUAN TEPEPAN,6
13014,XOCHIMILCO,RESIDENCIAL ALDAMA,1
13100,XOCHIMILCO,PUEBLO NATIVITAS,3
13055,XOCHIMILCO,LOS MORALES,1
13137,XOCHIMILCO,2A SECC LOS CERRILLOS,1
13148,XOCHIMILCO,SAN ANDRES AHUAYUCAN,4
13104,XOCHIMILCO,LOMAS DE NATIVITAS,1
13120,XOCHIMILCO,SAN JOSE,1
13119,XOCHIMILCO,SAN LUIS TLAXIALTEMALCO,6
13130,XOCHIMILCO,LA GUADALUPITA TULYEHUALCO,2
13041,XOCHIMILCO,SAN MARCOS NORTE,1
13159,XOCHIMILCO,SAN FRANCISCO TLALNEPANTLA,2
13131,XOCHIMILCO,CALYEQUITA,2
13088,XOCHIMILCO,ORIENTE,1
13085,XOCHIMILCO,SAN LUCAS XOCHIMANCA,3
13106,XOCHIMILCO,AMPL NATIVITAS,1
13086,XOCHIMILCO,UNIDAD HAB NATIVITAS,1
13071,XOCHIMILCO,INFONAVIT NATIVITAS,1
13054,XOCHIMILCO,UNIDAD HAB CORPORACION XOCHIMILCO,3
13074,XOCHIMILCO,SANTIAGO TEPALCATLALPAN,5
13068,XOCHIMILCO,XALTOCAN,2
13051,XOCHIMILCO,FRACC JARDINES DEL SUR,3
13077,XOCHIMILCO,LA CONCHA,1
13056,XOCHIMILCO,EJIDO SANTA CRUZ XOCHITEPEC,2
13057,XOCHIMILCO,EL MIRADOR,1
13115,XOCHIMILCO,SAN GREGORIO ATLAPULCO,4
13070,XOCHIMILCO,SAN PEDRO,3
13062,XOCHIMILCO,EL ROSARIO,1
13049,XOCHIMILCO,SAN MARCOS,1
13023,XOCHIMILCO,HUICHAPAN,4
13050,XOCHIMILCO,TIERRA NUEVA,1
13059,XOCHIMILCO,LA GUADALUPITA CENTRO,3
13004,XOCHIMILCO,LA CONCEPCION TLACOAPA,1
13019,XOCHIMILCO,SANTA MARIA TEPEPAN,7
13020,XOCHIMILCO,TEPEPAN,1
13007,XOCHIMILCO,BOSQUES RES DEL SUR,2
13150,XOCHIMILCO,GUADALUPE,3
13143,XOCHIMILCO,SAN MATEO XALPA,2
13029,XOCHIMILCO,VILLA DE LA NORIA,1
13157,XOCHIMILCO,SANTA CECILIA TEPETLAPA,2
13028,XOCHIMILCO,POTRERO DE SAN BERNARDINO,2
13021,XOCHIMILCO,AMPL TEPEPAN,1
13089,XOCHIMILCO,LORETO Y PEÑA POBRE,1
13090,XOCHIMILCO,SAN LORENZO ATEMOAYA,1
11506,BENITO JUÁREZ,PORTALES SUR,1
11512,BENITO JUÁREZ,GRAL PEDRO MARIA ANAYA,2
11511,BENITO JUÁREZ,XOCO,2
11545,BENITO JUÁREZ,SAN JOSE INSURGENTES,3
11507,BENITO JUÁREZ,PORTALES NORTE,3
11510,BENITO JUÁREZ,FRACC RES EMPERADORES,1
11508,BENITO JUÁREZ,SANTA CRUZ ATOYAC,3
11501,BENITO JUÁREZ,DEL VALLE SUR,4
11547,BENITO JUÁREZ,INSURGENTES MIXCOAC,6
11502,BENITO JUÁREZ,TLACOQUEMECATL,3
11503,BENITO JUÁREZ,CENTRO URBANO PRESIDENTE ALEMAN,1
11538,BENITO JUÁREZ,SAN JUAN,5
11535,BENITO JUÁREZ,NONOALCO,1
11524,BENITO JUÁREZ,ALBERT,1
11522,BENITO JUÁREZ,MARIA DEL CARMEN,1
11534,BENITO JUÁREZ,SAN SIMON TICUMAC,3
11528,BENITO JUÁREZ,VERTIZ NARVARTE,4
11533,BENITO JUÁREZ,LETRAN VALLE,2
11498,BENITO JUÁREZ,DEL VALLE CENTRO,8
11536,BENITO JUÁREZ,CIUDAD DE LOS DEPORTES,1
11529,BENITO JUÁREZ,AMERICAS UNIDAS,1
11530,BENITO JUÁREZ,PERIODISTA FRANCISCO ZARCO,2
11531,BENITO JUÁREZ,INDEPENDENCIA,3
11496,BENITO JUÁREZ,NARVARTE ORIENTE,4
11500,BENITO JUÁREZ,DEL VALLE,7
11542,BENITO JUÁREZ,NAPOLES,1
11540,BENITO JUÁREZ,SAN PEDRO DE LOS PINOS,8
11521,BENITO JUÁREZ,VILLA DE CORTES,1
11513,BENITO JUÁREZ,ALAMOS,1
11495,BENITO JUÁREZ,NARVARTE PONIENTE,4
11519,BENITO JUÁREZ,MODERNA,1
11546,BENITO JUÁREZ,MIXCOAC,1
11497,BENITO JUÁREZ,U HAB IMSS NARVARTE,1
11518,BENITO JUÁREZ,NATIVITAS,2
11819,CUAUHTÉMOC,ROMA NORTE,23
11803,CUAUHTÉMOC,CONDESA,6
11825,CUAUHTÉMOC,TRANSITO,5
11824,CUAUHTÉMOC,OBRERA,13
11820,CUAUHTÉMOC,DOCTORES,27
11826,CUAUHTÉMOC,ESPERANZA,4
11800,CUAUHTÉMOC,CENTRO,35
11818,CUAUHTÉMOC,JUAREZ,2
11817,CUAUHTÉMOC,CUAUHTEMOC,2
11816,CUAUHTÉMOC,SAN RAFAEL,5
11811,CUAUHTÉMOC,GUERRERO,9
11813,CUAUHTÉMOC,SANTA MARIA LA RIBERA,16
11805,CUAUHTÉMOC,MORELOS,12
11832,CUAUHTÉMOC,UNIDAD HAB NONOALCO TLATELOLCO,20
11814,CUAUHTÉMOC,SANTA MARIA INSURGENTES,4
11815,CUAUHTÉMOC,ATLAMPA,3
11808,CUAUHTÉMOC,EX HIPODROMO DE PERALVILLO,6
11806,CUAUHTÉMOC,PERALVILLO,8
11807,CUAUHTÉMOC,VALLE GOMEZ,1
11833,CUAUHTÉMOC,SAN SIMON TOLNAHUAC,2
11831,CUAUHTÉMOC,AMPL ASTURIAS,2
11827,CUAUHTÉMOC,ASTURIAS,1
11830,CUAUHTÉMOC,ALGARIN,7
11823,CUAUHTÉMOC,BUENOS AIRES,4
11822,CUAUHTÉMOC,ROMA SUR,8
11804,CUAUHTÉMOC,HIPODROMO DE LA CONDESA,3
11802,CUAUHTÉMOC,HIPODROMO,3
11829,CUAUHTÉMOC,PAULINO NAVARRO,2
11812,CUAUHTÉMOC,BUENAVISTA,2
11821,CUAUHTÉMOC,CENTRO URBANO BENITO JUAREZ,3
12531,MIGUEL HIDALGO,ESCANDON,15
12538,MIGUEL HIDALGO,TACUBAYA,9
12536,MIGUEL HIDALGO,SAN MIGUEL CHAPULTEPEC,11
12537,MIGUEL HIDALGO,OBSERVATORIO,4
12535,MIGUEL HIDALGO,AMPL DANIEL GARZA,3
12532,MIGUEL HIDALGO,16 DE SEPTIEMBRE,1
12457,MIGUEL HIDALGO,3RA SECC DEL BOSQUE DE CHAPULTEPEC,3
12452,MIGUEL HIDALGO,LOMAS DE VIRREYES,2
12459,MIGUEL HIDALGO,2DA SECC DEL BOSQUE DE CHAPULTEPEC,2
12455,MIGUEL HIDALGO,LOMAS DE CHAPULTEPEC,15
12529,MIGUEL HIDALGO,REFORMA SOCIAL,4
12460,MIGUEL HIDALGO,MILITAR 1 K LOMAS DE SOTELO,4
12458,MIGUEL HIDALGO,1RA SECC DEL BOSQUE DE CHAPULTEPEC,2
12522,MIGUEL HIDALGO,POLANCO CHAPULTEPEC,1
12525,MIGUEL HIDALGO,CHAPULTEPEC MORALES,1
12521,MIGUEL HIDALGO,PALMITAS,4
12515,MIGUEL HIDALGO,LOS MORALES,1
12479,MIGUEL HIDALGO,VERONICA ANZURES,2
12517,MIGUEL HIDALGO,AMPL GRANADA,3
12516,MIGUEL HIDALGO,GRANADA,4
12513,MIGUEL HIDALGO,IRRIGACION,9
12488,MIGUEL HIDALGO,TLAXPANA,4
12480,MIGUEL HIDALGO,ANAHUAC MARIANO ESCOBEDO,1
12463,MIGUEL HIDALGO,LOMA HERMOSA,3
12467,MIGUEL HIDALGO,PERIODISTA,2
12498,MIGUEL HIDALGO,MODELO,1
12508,MIGUEL HIDALGO,FRANCISCO I MADERO,3
12462,MIGUEL HIDALGO,UNIDAD HAB LOMAS DE SOTELO,1
12481,MIGUEL HIDALGO,ANAHUAC,9
12500,MIGUEL HIDALGO,ANAHUAC PERALITOS,3
12494,MIGUEL HIDALGO,PENSIL NORTE,1
12474,MIGUEL HIDALGO,ARGENTINA ANTIGUA,6
12473,MIGUEL HIDALGO,SAN JOAQUIN,1
12472,MIGUEL HIDALGO,MEXICO NUEVO,1
12505,MIGUEL HIDALGO,PANTEON FRANCES,3
12484,MIGUEL HIDALGO,UN HOGAR PARA NOSOTROS,8
12489,MIGUEL HIDALGO,POPOTLA,14
12490,MIGUEL HIDALGO,TACUBA,5
12475,MIGUEL HIDALGO,TORREBLANCA,2
12496,MIGUEL HIDALGO,REFORMA PENSIL,5
12511,MIGUEL HIDALGO,CUAUHTEMOC PENSIL,2
12506,MIGUEL HIDALGO,5 DE MAYO,1
12507,MIGUEL HIDALGO,DEPORTIVA PENSIL,1
12539,MIGUEL HIDALGO,LOMAS DE BEZARES,1
12454,MIGUEL HIDALGO,LOMAS ALTAS,1
12540,MIGUEL HIDALGO,LOMAS DE REFORMA,1
12493,MIGUEL HIDALGO,NEXTITLA,2
12478,MIGUEL HIDALGO,SAN DIEGO OCOYOACAC,3
12476,MIGUEL HIDALGO,AMPL TORREBLANCA,1
12461,MIGUEL HIDALGO,UNIDAD HAB LOMA HERMOSA,2
12487,MIGUEL HIDALGO,AGRICULTURA,3
12503,MIGUEL HIDALGO,ANAHUAC DOS LAGOS,1
12486,MIGUEL HIDALGO,PLUTARCO ELIAS CALLES,2
12978,VENUSTIANO CARRANZA,EL ARENAL 2DA SECC,3
12964,VENUSTIANO CARRANZA,FIVIPORT,1
12963,VENUSTIANO CARRANZA,EL ARENAL 1RA SECC,5
12994,VENUSTIANO CARRANZA,JARDIN BALBUENA,14
12990,VENUSTIANO CARRANZA,MAGDALENA MIXHUCA,4
12919,VENUSTIANO CARRANZA,PUEBLA,6
12983,VENUSTIANO CARRANZA,AVIACION CIVIL,5
12916,VENUSTIANO CARRANZA,IGNACIO ZARAGOZA,8
12981,VENUSTIANO CARRANZA,CUATRO ARBOLES,2
12918,VENUSTIANO CARRANZA,VALENTIN GOMEZ FARIAS,5
12979,VENUSTIANO CARRANZA,FEDERAL,2
12987,VENUSTIANO CARRANZA,LORENZO BOTURINI,1
12976,VENUSTIANO CARRANZA,ADOLFO LOPEZ MATEOS,1
12999,VENUSTIANO CARRANZA,DEL PARQUE,4
12986,VENUSTIANO CARRANZA,MERCED BALBUENA,2
12966,VENUSTIANO CARRANZA,CUCHILLA PANTITLAN,2
12967,VENUSTIANO CARRANZA,FICAPRO C UNO 670,1
12971,VENUSTIANO CARRANZA,CARACOL,2
12972,VENUSTIANO CARRANZA,EL ARENAL 4TA SECC,1
12974,VENUSTIANO CARRANZA,AMPL CARACOL,1
12961,VENUSTIANO CARRANZA,MOCTEZUMA 2DA SECC,13
12998,VENUSTIANO CARRANZA,KENNEDY,2
13000,VENUSTIANO CARRANZA,AERONAUTICA MILITAR,2
12958,VENUSTIANO CARRANZA,MOCTEZUMA 1RA SECC,4
12934,VENUSTIANO CARRANZA,10 DE MAYO,1
12920,VENUSTIANO CARRANZA,CENTRO,4
12960,VENUSTIANO CARRANZA,PEÑON DE LOS BAÑOS,3
12950,VENUSTIANO CARRANZA,ROMERO RUBIO,7
12940,VENUSTIANO CARRANZA,AZTECA,1
12944,VENUSTIANO CARRANZA,AMPL PENITENCIARIA,1
12931,VENUSTIANO CARRANZA,MORELOS,10
12959,VENUSTIANO CARRANZA,PENSADOR MEXICANO,4
12954,VENUSTIANO CARRANZA,1RO DE MAYO,2
12941,VENUSTIANO CARRANZA,TRES MOSQUETEROS,1
12928,VENUSTIANO CARRANZA,MICHOACANA,3
12953,VENUSTIANO CARRANZA,AQUILES SERDAN,2
12952,VENUSTIANO CARRANZA,AMPL SIMON BOLIVAR,1
12937,VENUSTIANO CARRANZA,2DO TRAMO 20 DE NOVIEMBRE,3
12925,VENUSTIANO CARRANZA,NICOLAS BRAVO,2
12939,VENUSTIANO CARRANZA,FELIPE ANGELES,5
12949,VENUSTIANO CARRANZA,AMPL 7 DE JULIO,1
12924,VENUSTIANO CARRANZA,VALLE GOMEZ,2
12975,VENUSTIANO CARRANZA,EL ARENAL 3RA SECC,1
